player,player_id,position,team_name,player_game_count,batted_passes,declined_penalties,franchise_id,grades_pass_rush_defense,hits,hurries,pass_rush_opp,pass_rush_percent,pass_rush_win_rate,pass_rush_wins,penalties,prp,sacks,snap_counts_pass_play,snap_counts_pass_rush,total_pressures,true_pass_set_batted_passes,true_pass_set_grades_pass_rush_defense,true_pass_set_hits,true_pass_set_hurries,true_pass_set_pass_rush_opp,true_pass_set_pass_rush_percent,true_pass_set_pass_rush_win_rate,true_pass_set_pass_rush_wins,true_pass_set_prp,true_pass_set_sacks,true_pass_set_snap_counts_pass_play,true_pass_set_snap_counts_pass_rush,true_pass_set_total_pressures
Calais Campbell,4364,DI,MIA,9,5,0,17,73.7,3,15,186,96.6,12.4,23,0,6.5,3,205,198,21,4,77.1,3,12,101,97.3,16.8,17,9.4,2,112,109,17
Brandon Graham,5538,ED,PHI,9,0,0,24,68.6,1,11,121,90.4,14.0,17,1,6.6,2,146,132,14,0,71.0,1,8,51,93.2,23.5,12,10.8,1,59,55,10
Jerry Hughes,5556,ED,HST,5,0,0,13,48.1,0,1,21,88.5,4.8,1,0,2.4,0,26,23,1,0,49.5,0,1,9,83.3,11.1,1,5.6,0,12,10,1
Linval Joseph,5571,DI,DAL,9,0,0,9,85.1,0,2,64,100.0,7.8,5,1,3.1,1,69,69,3,0,62.1,0,1,19,100.0,5.3,1,2.6,0,20,20,1
Von Miller,6154,ED,BUF,6,0,0,4,77.1,2,10,101,96.3,16.8,17,1,8.9,3,108,104,15,0,79.5,2,5,54,93.1,24.1,13,12.0,3,58,54,10
Cameron Jordan,6176,ED,NO,10,1,0,20,49.7,1,10,165,96.6,6.1,10,0,3.9,1,178,172,12,1,50.3,1,3,76,96.3,7.9,6,3.9,1,82,79,5
Cameron Heyward,6183,DI,PIT,9,2,0,25,86.3,7,17,228,100.0,18.9,43,0,8.3,7,245,245,31,2,87.7,6,11,113,100.0,23.0,26,11.9,5,123,123,22
Lawrence Guy Sr.,6385,DI,CIN,4,0,0,7,52.5,0,0,41,100.0,2.4,1,0,0.0,0,41,41,0,0,53.6,0,0,7,100.0,0.0,0,0.0,0,7,7,0
Nick Bellore,6515,LB,WAS,3,0,0,32,60.0,0,0,1,25.0,0.0,0,0,0.0,0,4,1,0,0,,0,0,0,0.0,,0,,0,1,0,0
Bobby Wagner,7050,LB,WAS,10,0,0,32,85.0,2,10,52,15.5,23.1,12,0,17.3,3,341,53,15,0,89.7,2,7,29,20.3,34.5,10,22.4,2,148,30,11
Lavonte David,7060,LB,TB,10,1,0,30,69.0,1,11,64,15.2,12.5,8,1,14.1,3,441,67,15,0,78.9,1,8,34,17.2,23.5,8,19.1,2,215,37,11
Demario Davis,7079,LB,NO,9,0,0,20,49.7,0,3,31,9.4,3.2,1,2,8.1,1,362,34,4,0,49.2,0,1,18,10.7,5.6,1,2.8,0,168,18,1
Rodney McLeod,7271,S,CLV,9,0,0,8,53.0,0,0,5,2.8,0.0,0,0,0.0,0,179,5,0,0,55.7,0,0,2,2.4,0.0,0,0.0,0,83,2,0
Harrison Smith,7641,S,MIN,9,1,0,18,60.2,0,4,28,7.7,3.6,1,0,10.7,1,379,29,5,0,51.2,0,1,8,4.6,0.0,0,6.3,0,175,8,1
Johnathan Hankins,7830,DI,SEA,9,0,1,29,53.1,1,3,101,100.0,2.0,2,3,2.0,0,104,104,4,0,55.1,1,2,22,100.0,0.0,0,6.8,0,23,23,3
Tyrann Mathieu,7850,S,NO,10,0,0,20,51.2,0,3,8,2.6,0.0,0,0,18.8,0,348,9,3,0,52.2,0,2,5,3.7,0.0,0,20.0,0,163,6,2
John Jenkins,7863,DI,LV,9,1,0,23,56.7,0,3,131,99.3,3.8,5,0,2.7,2,144,143,5,1,59.8,0,3,44,100.0,4.5,2,5.7,1,51,51,4
William Gholston,7908,DI,TB,10,0,0,30,72.2,2,5,72,100.0,15.3,11,1,6.3,1,74,74,8,0,71.3,0,1,28,100.0,17.9,5,5.4,1,28,28,2
Jordan Poyer,8000,S,MIA,8,0,0,17,59.5,0,0,6,2.2,16.7,1,3,0.0,0,273,6,0,0,62.4,0,0,4,3.1,25.0,1,0.0,0,129,4,0
Jadeveon Clowney,8636,ED,CAR,8,1,1,5,62.0,1,18,180,87.6,12.2,22,2,5.8,1,218,191,20,0,52.3,0,10,77,82.5,10.4,8,7.8,1,97,80,11
Khalil Mack,8640,ED,LAC,9,4,0,27,81.9,3,21,211,95.4,14.2,30,1,8.1,5,237,226,29,0,65.5,2,10,96,96.4,17.7,17,7.3,1,110,106,13
C.J. Mosley,8652,LB,NYJ,4,0,0,22,38.7,0,1,2,6.4,0.0,0,0,25.0,0,47,3,1,0,58.1,0,0,1,7.7,0.0,0,0.0,0,13,1,0
Jimmie Ward,8665,S,HST,5,0,0,13,56.5,0,0,1,1.4,0.0,0,0,0.0,0,139,2,0,0,,0,0,0,0.0,,0,,0,63,0,0
DeMarcus Lawrence,8669,ED,DAL,4,0,0,9,53.9,2,4,83,96.7,2.4,2,1,7.2,3,92,89,9,0,48.9,1,2,35,97.4,2.9,1,7.1,1,39,38,4
Kyle Van Noy,8675,ED,BLT,10,2,0,3,76.2,7,21,255,89.6,14.1,36,1,8.2,7,308,276,35,0,79.9,6,18,129,87.3,22.5,29,14.0,6,165,144,30
DaQuan Jones,8747,DI,BUF,10,1,0,4,71.9,2,11,197,100.0,11.2,22,2,4.3,2,205,205,15,0,73.2,0,9,65,100.0,16.9,11,8.5,1,70,70,10
Brent Urban,8769,ED,BLT,5,1,0,3,57.0,0,2,45,95.8,4.4,2,0,2.2,0,48,46,2,1,66.7,0,2,18,100.0,11.1,2,5.6,0,19,19,2
Shelby Harris,8869,DI,CLV,9,1,0,8,58.8,1,10,148,97.5,6.8,10,0,5.1,2,161,157,13,0,64.1,0,6,45,96.1,15.6,7,11.1,2,51,49,8
Denico Autry,8982,ED,HST,4,1,0,13,60.1,3,3,83,98.9,8.4,7,0,6.0,2,89,88,8,0,56.4,2,1,40,100.0,12.5,5,8.8,2,44,44,5
C.J. Goodwin,9243,CB,DAL,2,0,0,9,60.0,0,0,0,50.0,,0,0,,0,2,1,0,0,,0,0,0,0.0,,0,,0,1,0,0
Mike Pennel,9316,DI,KC,9,0,0,16,65.5,0,2,60,93.1,1.7,1,0,5.0,2,72,67,4,0,77.8,0,0,12,82.4,0.0,0,16.7,2,17,14,2
Dante Fowler Jr.,9436,ED,WAS,10,0,0,32,64.0,1,21,165,92.1,12.1,20,1,12.1,9,190,175,31,0,63.0,0,16,93,94.2,14.0,13,16.1,7,104,98,23
Leonard Williams,9439,DI,SEA,8,0,0,29,66.9,9,16,208,97.8,12.5,26,1,7.5,3,224,219,28,0,71.6,8,11,101,97.3,18.8,19,12.4,3,112,109,22
Arik Armstead,9450,ED,JAX,10,0,0,15,63.0,2,12,208,99.1,12.0,25,1,3.8,1,228,226,15,0,71.5,2,11,107,99.2,18.7,20,7.0,1,121,120,14
Bud Dupree,9455,ED,LAC,9,1,0,27,51.8,2,9,215,96.6,5.1,11,2,4.9,5,236,228,16,0,51.6,2,4,100,97.3,7.0,7,6.0,3,113,110,9
Shaq Thompson,9458,LB,CAR,4,0,0,5,52.7,1,1,15,12.8,6.7,1,1,6.7,0,133,17,2,0,54.3,1,1,12,23.2,8.3,1,8.3,0,56,13,2
Mario Edwards Jr.,9468,DI,HST,6,0,0,13,63.3,3,7,138,100.0,6.5,9,2,5.1,2,143,143,12,0,60.2,2,4,75,100.0,5.3,4,6.7,2,78,78,8
Preston Smith,9471,ED,PIT,10,0,0,25,57.6,1,6,170,91.0,8.2,14,2,3.8,3,201,183,10,0,62.0,1,2,85,88.2,10.6,9,5.3,3,102,90,6
Eddie Goldman,9472,DI,ATL,10,0,0,2,68.1,2,5,74,100.0,10.8,8,1,4.7,0,77,77,7,0,73.6,1,4,21,100.0,23.8,5,11.9,0,21,21,5
Eric Kendricks,9478,LB,DAL,8,0,0,9,64.4,1,2,28,11.6,14.3,4,0,12.5,2,251,29,5,0,69.2,1,1,11,10.8,18.2,2,18.2,1,102,11,3
Denzel Perryman,9481,LB,LAC,9,0,0,27,81.1,2,3,17,10.7,23.5,4,0,20.6,1,168,18,6,0,73.0,1,1,10,18.6,20.0,2,20.0,1,59,11,3
Ronald Darby,9483,CB,JAX,10,0,1,15,60.0,0,0,0,0.3,,0,3,,0,344,1,0,0,,0,0,0,0.0,,0,,0,136,0,0
Jordan Phillips,9485,DI,BUF,3,0,0,4,69.3,2,1,25,100.0,16.0,4,0,6.0,0,28,28,3,0,75.0,2,1,8,100.0,37.5,3,18.8,0,9,9,3
Jordan Hicks,9517,LB,CLV,5,0,0,8,67.4,2,1,19,17.8,5.3,1,0,13.2,1,118,21,4,0,58.2,1,0,6,13.3,0.0,0,8.3,0,45,6,1
Danielle Hunter,9521,ED,HST,10,1,0,13,81.3,9,27,286,98.7,18.2,52,2,8.4,6,305,301,42,0,87.3,6,18,133,98.6,27.1,36,12.8,5,146,144,29
Angelo Blackson,9533,DI,ARZ,1,0,0,1,66.7,0,1,9,100.0,22.2,2,0,5.6,0,10,10,1,0,59.1,0,0,1,100.0,0.0,0,0.0,0,1,1,0
Za'Darius Smith,9555,ED,DET,9,0,0,11,71.1,2,20,194,95.8,19.1,37,0,8.2,5,213,204,27,0,71.2,1,13,97,97.2,22.7,22,12.4,5,106,103,19
Kwon Alexander,9557,LB,DEN,3,0,0,10,60.0,0,0,1,4.8,0.0,0,0,0.0,0,21,1,0,0,,0,0,0,0.0,,0,,0,2,0,0
Grady Jarrett,9570,DI,ATL,10,0,1,2,60.8,6,9,243,98.9,9.1,22,1,4.3,3,262,259,18,0,70.7,5,8,107,100.0,15.0,16,8.9,3,116,116,16
Michael Burton,9601,FB,DEN,1,0,0,10,60.0,0,0,1,100.0,0.0,0,0,0.0,0,1,1,0,0,,0,0,0,,,0,,0,0,0,0
Quandre Diggs,9633,S,TEN,8,0,0,31,55.4,0,1,2,0.8,0.0,0,0,25.0,0,239,2,1,0,,0,0,0,0.0,,0,,0,84,0,0
Rakeem Nunez-Roches,9650,DI,NYG,10,1,0,21,56.0,3,6,189,99.5,4.8,9,2,3.4,2,202,201,11,0,59.3,2,1,54,100.0,5.6,3,2.8,0,58,58,3
Neville Hewitt,9836,LB,HST,6,0,0,13,67.5,1,0,8,5.9,25.0,2,1,6.3,0,135,8,1,0,64.0,1,0,4,6.3,25.0,1,12.5,0,63,4,1
Troy Hill,9881,CB,CAR,6,0,0,5,50.2,0,0,8,6.0,0.0,0,1,0.0,0,150,9,0,0,53.1,0,0,3,3.8,0.0,0,0.0,0,78,3,0
DeShawn Williams,9891,DI,CAR,7,0,0,5,53.7,3,4,112,98.3,4.5,5,0,3.1,0,119,117,7,0,52.9,3,2,63,98.5,4.8,3,4.0,0,65,64,5
Alex Singleton,9994,LB,DEN,3,0,0,10,54.3,1,0,19,19.3,5.3,1,0,2.6,0,109,21,1,0,53.8,1,0,10,20.4,0.0,0,5.0,0,54,11,1
T.Y. McGill,10156,DI,SF,1,0,0,28,55.8,0,0,5,100.0,0.0,0,0,0.0,0,5,5,0,0,58.3,0,0,2,100.0,0.0,0,0.0,0,2,2,0
Efe Obada,10235,ED,WAS,5,0,0,32,49.4,0,0,26,100.0,0.0,0,0,0.0,0,28,28,0,0,53.9,0,0,4,100.0,0.0,0,0.0,0,4,4,0
Joey Bosa,10637,ED,LAC,6,0,0,27,68.9,2,2,81,98.8,16.0,13,1,6.2,3,86,85,7,0,73.8,2,2,47,98.0,21.3,10,10.6,3,50,49,7
Jalen Ramsey,10639,CB,MIA,9,1,0,17,62.0,2,5,22,7.3,4.5,1,2,15.9,0,314,23,7,0,55.8,1,2,9,6.6,11.1,1,16.7,0,152,10,3
DeForest Buckner,10641,DI,IND,5,0,0,14,78.6,4,9,120,100.0,15.8,19,0,8.8,4,126,126,17,0,82.3,3,6,62,100.0,21.0,13,13.7,4,66,66,13
Leonard Floyd,10643,ED,SF,9,0,2,28,52.6,6,18,216,98.7,7.9,17,2,7.9,5,229,226,29,0,51.7,4,14,116,99.2,8.6,10,11.2,4,124,123,22
Sheldon Rankins,10646,DI,CIN,7,0,0,7,58.9,0,3,153,100.0,4.6,7,0,1.6,1,163,163,4,0,66.6,0,3,65,100.0,10.8,7,2.3,0,70,70,3
Shaq Lawson,10653,ED,CAR,1,0,0,5,59.3,0,3,7,100.0,14.3,1,0,21.4,0,7,7,3,0,61.6,0,3,5,100.0,20.0,1,30.0,0,5,5,3
Kenny Clark,10661,DI,GB,9,0,1,12,59.1,2,14,216,99.1,7.9,17,4,3.7,0,233,231,16,0,60.8,1,8,107,99.1,9.3,10,4.2,0,114,113,9
Emmanuel Ogbah,10666,ED,MIA,8,1,0,17,49.3,3,7,172,88.9,4.7,8,1,4.1,2,208,185,12,1,53.6,2,6,83,92.1,9.6,8,6.0,1,101,93,9
Chris Jones,10671,DI,KC,9,0,1,16,90.8,8,27,293,100.0,16.7,49,3,7.3,4,317,317,39,0,90.3,2,18,128,100.0,21.1,27,10.2,3,139,139,23
Austin Johnson,10677,DI,BUF,9,0,0,4,62.5,1,3,97,100.0,7.2,7,0,2.1,0,103,103,4,0,57.8,0,2,26,100.0,7.7,2,3.8,0,28,28,2
Jihad Ward,10678,DI,MIN,9,1,0,18,57.6,9,8,178,99.5,9.6,17,2,5.3,1,189,188,18,0,63.5,8,7,103,100.0,13.6,14,8.3,1,109,109,16
A'Shawn Robinson,10680,DI,CAR,9,1,0,5,57.5,2,12,200,100.0,6.5,13,0,5.0,3,218,218,17,0,60.7,0,9,65,100.0,10.8,7,11.5,3,74,74,12
Jarran Reed,10683,DI,SEA,9,0,0,29,70.4,6,18,211,96.5,9.5,20,0,6.6,2,230,222,26,0,71.2,3,12,85,94.8,15.3,13,11.2,2,97,92,17
Vonn Bell,10695,S,CIN,10,0,0,7,60.2,1,1,16,5.3,12.5,2,0,6.3,0,338,18,2,0,59.3,0,0,7,5.0,14.3,1,0.0,0,140,7,0
Adam Gotsis,10697,ED,IND,5,0,0,14,52.9,2,1,36,100.0,5.6,2,1,4.2,0,37,37,3,0,49.6,0,1,13,100.0,0.0,0,3.8,0,13,13,1
Kevin Byard,10698,S,CHI,9,0,0,6,73.1,0,1,1,0.3,0.0,0,0,150.0,1,317,1,2,0,73.1,0,0,1,0.7,0.0,0,100.0,1,153,1,1
Maliek Collins,10701,DI,SF,9,0,0,28,68.9,4,18,238,99.6,13.0,31,3,6.7,5,252,251,27,0,71.7,4,13,125,100.0,16.8,21,10.8,5,133,133,22
Yannick Ngakoue,10703,ED,NE,5,0,0,19,61.1,1,4,66,95.7,12.1,8,0,6.8,2,70,67,7,0,61.1,1,3,41,93.3,12.2,5,9.8,2,45,42,6
Jonathan Bullard,10706,DI,MIN,9,2,0,18,47.1,1,3,153,100.0,1.3,2,2,1.3,0,162,162,4,0,47.8,1,0,48,100.0,0.0,0,1.0,0,53,53,1
Nick Vigil,10721,LB,DAL,3,0,0,9,55.6,0,0,2,11.5,0.0,0,0,0.0,0,26,3,0,0,,0,0,0,0.0,,0,,0,13,0,0
Javon Hargrave,10723,DI,SF,3,0,0,28,73.3,0,7,60,100.0,13.3,8,0,7.5,1,63,63,8,0,79.8,0,4,31,100.0,19.4,6,9.7,1,32,32,5
Justin Simmons,10732,S,ATL,9,0,0,2,50.5,0,0,11,3.2,0.0,0,0,0.0,0,340,11,0,0,49.9,0,0,6,4.1,0.0,0,0.0,0,148,6,0
Sheldon Day,10737,DI,WAS,5,0,0,32,52.1,0,3,48,100.0,2.1,1,0,3.1,0,49,49,3,0,57.9,0,3,15,100.0,6.7,1,10.0,0,15,15,3
Eric Murray,10740,S,HST,10,0,1,13,56.9,0,0,10,3.5,0.0,0,3,10.0,1,314,11,1,0,61.2,0,0,6,4.1,0.0,0,16.7,1,147,6,1
De'Vondre Campbell,10749,LB,SF,9,1,0,28,54.0,1,3,18,6.0,5.6,1,1,11.1,0,317,19,4,0,62.6,1,2,6,3.9,16.7,1,25.0,0,152,6,3
David Onyemata,10754,DI,ATL,10,1,0,2,61.0,1,9,184,99.0,6.5,12,0,3.3,1,199,197,11,1,63.1,0,4,75,100.0,8.0,6,2.7,0,80,80,4
Andrew Billings,10756,DI,CHI,8,0,0,6,78.6,2,11,136,98.6,12.5,17,1,5.5,1,146,144,14,0,83.2,1,7,56,100.0,16.1,9,8.9,1,58,58,9
Dean Lowry,10771,DI,PIT,7,0,0,25,49.8,0,1,25,96.3,0.0,0,0,2.0,0,27,26,1,0,51.4,0,0,7,87.5,0.0,0,0.0,0,8,7,0
Matthew Judon,10780,ED,ATL,10,3,0,2,53.7,1,11,202,86.2,6.4,13,3,4.0,2,247,213,14,0,51.1,0,7,101,91.5,7.9,8,4.5,1,117,107,8
Quinton Jefferson,10781,DI,BUF,6,0,0,4,57.0,1,5,95,99.0,10.5,10,1,5.3,2,105,104,8,0,55.2,0,4,48,98.1,10.4,5,6.3,1,54,53,5
DJ Reader,10800,DI,DET,8,0,0,11,67.9,3,6,133,99.3,8.3,11,0,4.1,1,152,151,10,0,71.3,2,4,40,100.0,12.5,5,10.0,1,47,47,7
Kamu Grugier-Hill,10842,LB,MIN,6,0,0,18,47.5,0,1,11,18.2,0.0,0,0,4.5,0,66,12,1,0,50.3,0,0,6,25.0,0.0,0,0.0,0,28,7,0
Elandon Roberts,10848,LB,PIT,9,0,0,25,65.1,1,2,12,16.4,0.0,0,0,20.8,1,110,18,4,0,53.7,0,1,1,10.0,0.0,0,50.0,0,30,3,1
Jalen Mills,10867,S,NYJ,5,0,0,22,55.6,0,0,3,2.0,0.0,0,1,0.0,0,151,3,0,0,,0,0,0,0.0,,0,,0,78,0,0
Mike Hilton,10898,CB,CIN,9,0,0,7,46.7,1,2,29,12.1,3.4,1,1,5.2,0,248,30,3,0,45.7,0,1,8,7.8,0.0,0,6.3,0,103,8,1
Kyle Peko,11027,DI,DET,5,0,0,11,58.3,2,0,54,100.0,1.9,1,0,1.9,0,61,61,2,0,66.8,2,0,25,100.0,4.0,1,4.0,0,28,28,2
Michael Pierce,11101,DI,BLT,7,0,0,3,64.7,1,7,91,95.2,6.6,6,0,6.6,2,105,100,10,0,70.9,0,6,35,95.5,17.1,6,8.6,0,44,42,6
Morgan Fox,11184,DI,LAC,9,1,0,27,63.3,2,12,186,97.5,12.4,23,0,5.9,4,204,199,18,0,68.1,1,10,103,98.2,18.4,19,9.2,4,112,110,15
Jonathan Jones,11217,CB,NE,10,0,0,19,57.5,0,0,2,0.8,0.0,0,1,0.0,0,258,2,0,0,,0,0,0,0.0,,0,,0,127,0,0
Roy Robertson-Harris,11341,DI,SEA,9,1,1,29,57.1,2,8,161,96.6,6.8,11,1,4.3,2,179,173,12,0,62.5,2,5,70,98.8,12.9,9,7.9,2,80,79,9
Antonio Hamilton Sr.,11353,CB,ATL,1,0,0,2,52.9,0,0,3,12.0,0.0,0,0,0.0,0,25,3,0,0,60.0,0,0,1,16.7,0.0,0,0.0,0,6,1,0
Myles Garrett,11756,ED,CLV,9,0,0,8,92.7,5,29,221,95.5,26.2,58,5,10.9,7,247,236,41,0,93.3,3,25,106,97.4,36.8,39,17.0,4,117,114,32
Solomon Thomas,11758,DI,NYJ,9,0,1,22,53.5,0,7,124,99.3,4.8,6,2,5.2,3,134,133,10,0,51.6,0,4,58,98.4,6.9,4,6.9,2,62,61,6
Marshon Lattimore,11766,CB,WAS,7,0,1,32,55.3,0,2,2,0.8,0.0,0,2,50.0,0,259,2,2,0,,0,0,0,0.0,,0,,0,113,0,0
Haason Reddick,11768,ED,NYJ,3,0,0,22,60.9,0,9,62,100.0,12.9,8,0,10.5,2,65,65,11,0,64.5,0,6,43,100.0,16.3,7,11.6,2,44,44,8
Derek Barnett,11769,ED,HST,9,0,0,13,56.3,1,4,112,100.0,8.0,9,0,4.0,2,118,118,7,0,56.2,0,2,53,100.0,7.5,4,5.7,2,57,57,4
Malik Hooker,11770,S,DAL,9,0,0,9,62.0,1,0,7,2.3,0.0,0,0,7.1,0,298,7,1,0,58.8,0,0,1,0.8,0.0,0,0.0,0,123,1,0
Marlon Humphrey,11771,CB,BLT,9,0,1,3,48.1,2,1,12,3.4,0.0,0,6,12.5,0,358,12,3,0,52.1,0,0,4,2.1,0.0,0,0.0,0,191,4,0
Jonathan Allen,11772,DI,WAS,6,0,0,32,61.3,4,7,132,100.0,9.8,13,0,5.7,2,143,143,13,0,64.0,3,5,64,100.0,14.1,9,7.8,1,70,70,9
Charles Harris,11777,ED,CAR,8,0,0,5,56.6,3,9,170,86.5,10.6,18,0,5.3,3,215,186,15,0,59.0,3,5,83,91.0,12.0,10,7.2,2,100,91,10
Jabrill Peppers,11780,S,NE,4,0,0,19,46.7,0,2,10,7.1,0.0,0,0,10.0,0,154,11,2,0,40.3,0,2,7,9.6,0.0,0,14.3,0,73,7,2
Takk McKinley,11781,ED,NYJ,7,0,0,22,57.7,1,4,59,95.7,10.2,6,1,5.9,1,70,67,6,0,59.5,1,4,27,91.4,18.5,5,9.3,0,35,32,5
Tre'Davious White,11782,CB,BLT,4,0,1,3,58.7,0,0,1,0.7,0.0,0,5,0.0,0,134,1,0,0,,0,0,0,0.0,,0,,0,56,0,0
T.J. Watt,11785,ED,PIT,9,1,0,25,90.8,11,6,282,93.8,14.2,40,1,5.5,7,325,305,24,0,91.6,8,3,147,97.0,17.0,25,8.5,7,166,161,18
Kevin King,11788,CB,ATL,8,0,0,2,58.8,0,0,1,3.8,0.0,0,0,0.0,0,26,1,0,0,58.8,0,0,1,7.1,0.0,0,0.0,0,14,1,0
Budda Baker,11791,S,ARZ,10,0,0,1,44.6,0,4,16,5.2,0.0,0,0,18.8,1,384,20,5,0,40.4,0,2,5,4.7,0.0,0,40.0,1,169,8,3
Marcus Maye,11794,S,MIA,7,0,0,17,58.2,1,2,5,3.6,0.0,0,0,30.0,0,168,6,3,0,50.3,0,2,3,5.2,0.0,0,33.3,0,77,4,2
Marcus Williams,11797,S,BLT,9,0,1,3,55.1,0,0,2,0.7,0.0,0,2,0.0,0,433,3,0,0,55.1,0,0,1,0.9,0.0,0,0.0,0,234,2,0
Tyus Bowser,11802,ED,MIA,7,0,0,17,52.8,0,4,70,62.9,7.1,5,1,2.9,0,116,73,4,0,53.5,0,1,30,66.0,6.7,2,1.7,0,47,31,1
DeMarcus Walker,11806,ED,CHI,9,0,0,6,65.5,5,14,237,96.5,13.5,32,0,4.9,2,255,246,21,0,75.3,5,10,119,97.6,21.8,26,8.0,2,125,122,17
Raekwon McMillan,11809,LB,NE,8,0,0,19,50.6,0,3,6,5.5,0.0,0,0,25.0,0,128,7,3,0,53.1,0,2,2,6.4,0.0,0,50.0,0,47,3,2
Dalvin Tomlinson,11810,DI,CLV,9,0,0,8,67.1,3,5,136,97.3,8.1,11,0,5.9,4,147,143,12,0,65.4,2,1,36,97.4,11.1,4,9.7,2,39,38,5
Larry Ogunjobi,11820,DI,PIT,9,0,0,25,59.0,4,5,175,100.0,8.6,15,1,3.7,2,194,194,11,0,57.1,2,3,89,100.0,7.9,7,5.1,2,98,98,7
Dawuane Smoot,11823,ED,BUF,7,0,0,4,62.9,2,3,130,97.8,6.9,9,1,3.5,2,138,135,7,0,57.3,2,2,61,96.9,8.2,5,4.9,1,64,62,5
Chris Wormley,11829,DI,BLT,1,0,0,3,56.7,0,1,13,100.0,7.7,1,0,3.8,0,15,15,1,0,52.5,0,0,6,100.0,0.0,0,0.0,0,6,6,0
Duke Riley,11830,LB,MIA,2,0,0,17,53.4,0,0,3,33.3,0.0,0,0,0.0,0,9,3,0,0,59.0,0,0,1,25.0,0.0,0,0.0,0,4,1,0
Alex Anzalone,11831,LB,DET,8,0,0,11,57.3,2,3,41,12.1,7.3,3,1,8.5,1,364,44,6,0,57.3,2,1,24,14.5,4.2,1,6.3,0,186,27,3
Jourdan Lewis,11846,CB,DAL,9,0,1,9,47.2,0,0,10,4.0,0.0,0,2,0.0,0,253,10,0,0,54.0,0,0,2,1.8,0.0,0,0.0,0,109,2,0
Montravius Adams,11848,DI,PIT,6,0,0,25,57.7,0,2,68,100.0,4.4,3,0,2.9,1,73,73,3,0,62.0,0,2,44,100.0,6.8,3,4.5,1,48,48,3
Rasul Douglas,11854,CB,BUF,10,0,1,4,53.5,0,1,5,1.3,0.0,0,4,10.0,0,376,5,1,0,,0,0,0,0.0,,0,,0,152,0,0
Trey Hendrickson,11858,ED,CIN,10,1,0,7,90.5,11,30,269,95.3,23.0,62,1,11.7,11,298,284,52,1,91.9,8,19,116,96.1,32.8,38,19.4,9,129,124,36
Eddie Jackson,11867,S,BLT,9,0,0,3,55.4,1,1,2,1.2,0.0,0,1,50.0,0,248,3,2,0,55.4,1,0,2,2.4,0.0,0,25.0,0,125,3,1
Rayshawn Jenkins,11868,S,SEA,6,0,0,29,40.5,0,1,16,7.2,0.0,0,0,3.1,0,223,16,1,0,39.0,0,1,5,5.7,0.0,0,10.0,0,87,5,1
Carl Lawson,11871,ED,DAL,7,0,1,9,62.4,2,6,114,94.4,7.9,9,2,7.0,4,126,119,12,0,71.7,1,5,60,95.4,11.7,7,11.7,4,65,62,10
Jalen Reeves-Maybin,11879,LB,DET,8,0,0,11,54.3,0,1,10,13.0,10.0,1,1,5.0,0,92,12,1,0,58.2,0,1,8,16.3,12.5,1,6.3,0,49,8,1
Deatrich Wise Jr.,11886,ED,NE,10,1,0,19,59.5,1,9,194,100.0,10.3,20,1,4.6,4,211,211,14,1,57.9,1,6,100,100.0,9.0,9,6.5,3,110,110,10
Carlos Watkins,11897,DI,DAL,8,0,0,9,54.7,0,1,60,100.0,5.0,3,0,0.8,0,64,64,1,0,54.0,0,1,24,100.0,4.2,1,2.1,0,24,24,1
Grover Stewart,11899,DI,IND,10,2,1,14,68.3,2,7,188,99.5,6.9,13,2,4.5,4,201,200,13,2,78.0,1,5,62,100.0,14.5,9,8.1,2,68,68,8
Anthony Walker Jr.,11916,LB,MIA,6,1,0,17,51.3,0,3,18,13.5,0.0,0,0,8.3,0,148,20,3,1,56.2,0,2,9,15.3,0.0,0,11.1,0,72,11,2
Davon Godchaux,11934,DI,NE,10,1,0,19,58.8,1,4,195,100.0,6.7,13,0,1.3,0,208,208,5,0,64.3,0,3,61,100.0,11.5,7,2.5,0,66,66,3
Chuck Clark,11941,S,NYJ,6,0,0,22,69.0,0,0,3,1.6,0.0,0,2,33.3,1,186,3,1,0,57.0,0,0,2,2.3,0.0,0,0.0,0,87,2,0
Xavier Woods,11946,S,CAR,10,0,0,5,55.6,0,0,2,0.6,0.0,0,2,0.0,0,363,2,0,0,55.6,0,0,2,1.3,0.0,0,0.0,0,153,2,0
Al-Quadin Muhammad,11951,ED,DET,3,0,0,11,62.7,1,7,50,98.3,14.0,7,0,8.0,0,59,58,8,0,67.6,1,4,19,100.0,21.1,4,13.2,0,23,23,5
D.J. Jones,11953,DI,DEN,10,0,0,10,66.7,1,6,127,99.3,5.5,7,1,2.8,0,143,142,7,0,70.5,1,3,32,100.0,9.4,3,6.3,0,35,35,4
Jeremiah Ledbetter,11960,DI,JAX,8,0,0,15,49.1,2,3,109,99.2,1.8,2,0,3.2,1,121,120,6,0,59.5,2,1,40,100.0,5.0,2,6.3,1,42,42,4
Patrick O'Connor,12005,DI,DET,4,0,0,11,49.9,0,2,27,96.9,7.4,2,0,7.4,1,32,31,3,0,44.8,0,2,10,100.0,20.0,2,10.0,0,12,12,2
Josh Tupou,12093,DI,BLT,2,0,0,3,50.8,0,0,24,100.0,0.0,0,0,0.0,0,26,26,0,0,52.7,0,0,9,100.0,0.0,0,0.0,0,9,9,0
Adam Butler,12214,DI,LV,9,0,0,23,58.1,4,10,242,93.5,6.2,15,2,3.3,1,277,259,15,0,57.7,2,8,119,94.1,8.4,10,5.0,1,135,127,11
Arthur Maulet,12224,CB,BLT,3,0,0,3,51.5,0,0,5,9.4,0.0,0,0,0.0,0,53,5,0,0,59.5,0,0,1,3.7,0.0,0,0.0,0,27,1,0
Sione Takitaki,12666,LB,NE,4,0,0,19,53.7,0,0,6,22.2,0.0,0,0,0.0,0,27,6,0,0,54.1,0,0,3,25.0,0.0,0,0.0,0,12,3,0
Sam Eguavoen,15301,LB,NYJ,2,0,0,22,55.4,0,0,2,16.7,0.0,0,0,0.0,0,18,3,0,0,59.1,0,0,1,33.3,0.0,0,0.0,0,3,1,0
Sam Kamara,24176,DI,CLV,5,0,0,8,56.7,0,2,39,100.0,5.1,2,0,2.6,0,43,43,2,0,66.4,0,1,15,100.0,13.3,2,3.3,0,16,16,1
Nathan Shepherd,24614,DI,NO,10,0,1,20,70.2,4,8,184,99.0,10.3,19,1,3.8,1,206,204,13,0,72.2,3,3,74,100.0,17.6,13,5.4,1,83,83,7
Foyesade Oluokun,24904,LB,JAX,6,1,0,15,76.9,0,3,11,5.5,9.1,1,1,22.7,1,201,11,4,1,64.3,0,2,6,7.1,0.0,0,16.7,0,84,6,2
Levi Wallace,25445,CB,DEN,10,0,0,10,58.5,0,0,1,0.8,0.0,0,0,0.0,0,126,1,0,0,58.5,0,0,1,1.6,0.0,0,0.0,0,64,1,0
Anfernee Jennings,25449,ED,NE,9,0,0,19,59.3,4,13,178,81.3,7.9,14,0,6.5,3,235,191,20,0,58.3,1,9,74,85.3,12.2,9,6.8,0,95,81,10
Sean Murphy-Bunting,25891,CB,ARZ,8,0,0,1,59.0,0,0,1,0.4,0.0,0,6,0.0,0,229,1,0,0,59.0,0,0,1,1.1,0.0,0,0.0,0,92,1,0
Clelin Ferrell,25955,ED,WAS,7,0,2,32,55.7,3,5,95,95.6,7.4,7,4,6.3,2,113,108,10,0,64.2,2,4,34,95.2,14.7,5,11.8,1,42,40,7
Dexter Lawrence,25991,DI,NYG,10,0,0,21,83.3,5,21,269,99.6,13.8,37,1,8.6,10,285,284,36,0,85.5,2,15,118,100.0,21.2,25,14.0,8,124,124,25
Maxx Crosby,26316,ED,LV,8,4,1,23,72.5,7,20,267,98.6,12.7,34,3,7.7,7,290,286,34,0,73.1,4,15,130,100.0,16.9,22,11.2,5,139,139,24
Jeremiah Moon,26453,ED,PIT,4,0,0,25,47.3,0,2,52,93.0,1.9,1,0,1.9,0,57,53,2,0,49.8,0,2,26,96.3,3.8,1,3.8,0,27,26,2
D.J. Reed,26940,CB,NYJ,8,0,1,22,77.8,0,0,3,1.1,0.0,0,6,33.3,1,279,3,1,0,84.2,0,0,1,0.7,0.0,0,100.0,1,143,1,1
Bryce Huff,27128,ED,PHI,9,0,0,24,67.1,1,10,135,95.3,11.9,16,0,5.6,2,150,143,13,0,75.3,0,8,62,94.5,19.4,12,9.7,2,73,69,10
Siran Neal,27130,CB,MIA,4,0,0,17,56.9,0,0,2,14.3,0.0,0,1,0.0,0,14,2,0,0,59.1,0,0,1,14.3,0.0,0,0.0,0,7,1,0
Montez Sweat,27271,ED,CHI,8,2,0,6,68.7,3,20,181,96.9,16.0,29,2,8.6,4,195,189,27,0,71.4,3,14,94,97.0,22.3,21,11.2,2,101,98,19
Devin Bush,27375,LB,CLV,9,0,0,8,73.5,0,5,18,15.4,16.7,3,0,19.4,1,117,18,6,0,72.3,0,2,6,14.3,16.7,1,33.3,1,42,6,3
Joshua Uche,27379,ED,KC,9,0,1,16,67.8,2,10,101,78.3,14.9,15,3,7.9,2,143,112,14,0,70.7,2,8,56,76.5,17.9,10,12.5,2,81,62,12
Armon Watts,27844,DI,NYG,3,0,0,21,70.4,0,4,29,96.8,27.6,8,0,6.9,0,31,30,4,0,76.7,0,3,11,100.0,54.5,6,13.6,0,11,11,3
Joe Gaziano,27949,ED,JAX,2,0,0,15,41.8,0,1,9,100.0,0.0,0,0,5.6,0,10,10,1,0,54.1,0,0,4,100.0,0.0,0,0.0,0,4,4,0
DaVon Hamilton,28072,DI,JAX,10,0,0,15,52.4,1,10,196,99.5,4.6,9,0,2.8,0,212,211,11,0,52.6,0,5,59,100.0,5.1,3,4.2,0,64,64,5
Dre'Mont Jones,28075,ED,SEA,9,1,0,29,61.4,8,15,191,97.1,10.5,20,1,7.1,2,206,200,25,0,63.1,3,11,75,96.4,14.7,11,10.7,1,83,80,15
Malik Harrison,28081,LB,BLT,8,0,0,3,56.7,0,0,5,15.8,0.0,0,0,20.0,1,38,6,1,0,59.2,0,0,1,6.7,0.0,0,0.0,0,15,1,0
Jerome Baker,28091,LB,TEN,5,0,0,31,48.4,0,5,23,13.3,0.0,0,0,15.2,1,173,23,6,0,37.6,0,4,12,15.2,0.0,0,16.7,0,79,12,4
Neville Gallimore,28094,DI,LA,7,0,0,26,47.6,1,1,55,100.0,0.0,0,0,1.8,0,59,59,2,0,51.9,0,0,11,100.0,0.0,0,0.0,0,12,12,0
Troy Dye,28251,LB,LAC,6,0,0,27,61.1,0,1,3,7.9,33.3,1,0,50.0,1,38,3,2,0,61.8,0,1,2,10.0,50.0,1,75.0,1,20,2,2
Brenden Schooler,28253,S,NE,1,0,0,19,91.0,1,0,1,20.0,0.0,0,0,150.0,1,5,1,2,0,69.4,0,0,1,33.3,0.0,0,100.0,1,3,1,1
Kevin Givens,28308,DI,SF,7,0,0,28,68.2,2,5,103,100.0,7.8,8,1,7.3,4,108,108,11,0,64.3,1,1,43,100.0,11.6,5,7.0,2,45,45,4
Myles Adams,28430,DI,SEA,3,0,0,29,57.4,0,1,18,95.2,5.6,1,0,2.8,0,21,20,1,0,62.5,0,1,6,100.0,16.7,1,8.3,0,8,8,1
Bilal Nichols,28451,DI,ARZ,6,0,0,1,54.1,1,3,82,100.0,6.1,5,1,2.4,0,85,85,4,0,63.0,0,3,30,100.0,13.3,4,5.0,0,30,30,3
DeShon Elliott,28854,S,PIT,9,1,1,25,67.9,0,0,11,4.9,9.1,1,2,0.0,0,287,14,0,0,72.5,0,0,2,2.3,50.0,1,0.0,0,131,3,0
Jack Jones,29050,CB,LV,9,0,3,23,68.7,0,0,1,0.6,0.0,0,5,0.0,0,319,2,0,0,68.7,0,0,1,1.3,0.0,0,0.0,0,149,2,0
David Long Jr.,29367,LB,MIA,6,0,0,17,63.4,0,6,24,15.4,8.3,2,0,12.5,0,162,25,6,0,78.3,0,5,15,21.1,13.3,2,16.7,0,76,16,5
Germaine Pratt,29407,LB,CIN,10,1,1,7,55.9,4,3,38,11.2,2.6,1,2,9.2,0,367,41,7,0,53.6,2,3,19,14.9,5.3,1,13.2,0,141,21,5
Logan Wilson,29623,LB,CIN,10,0,0,7,56.8,4,6,58,16.0,3.4,2,0,8.6,0,399,64,10,0,60.8,3,6,37,25.9,5.4,2,12.2,0,162,42,9
Andrew Van Ginkel,30267,ED,MIN,9,0,1,18,59.4,4,12,193,63.4,8.3,16,1,7.3,6,320,203,22,0,61.4,3,9,106,73.5,9.4,10,11.3,6,151,111,18
T.J. Edwards,30737,LB,CHI,9,0,0,6,58.8,0,4,37,12.6,10.8,4,0,8.1,1,317,40,5,0,55.0,0,3,19,13.1,15.8,3,7.9,0,153,20,3
Khalen Saunders,31534,DI,NO,6,0,0,20,55.6,1,3,89,97.0,4.5,4,1,3.4,1,99,96,5,0,61.1,1,2,33,100.0,9.1,3,4.5,0,36,36,3
Abdullah Anderson,32708,DI,TEN,4,0,0,31,56.4,0,0,17,100.0,5.9,1,0,0.0,0,20,20,0,0,55.7,0,0,3,100.0,0.0,0,0.0,0,4,4,0
Dane Jackson,32989,CB,CAR,3,0,0,5,40.1,0,1,6,9.2,0.0,0,1,8.3,0,65,6,1,0,39.6,0,1,2,6.3,0.0,0,25.0,0,32,2,1
Cam Gill,33560,ED,CAR,3,0,0,5,55.6,1,2,39,91.3,5.1,2,0,3.8,0,46,42,3,0,62.6,1,1,16,94.4,12.5,2,6.3,0,18,17,2
Eric Johnson,33698,DI,NE,4,0,0,19,57.6,1,0,19,100.0,5.3,1,0,2.6,0,20,20,1,0,53.2,0,0,8,100.0,0.0,0,0.0,0,9,9,0
Mike Hughes,34057,CB,ATL,10,0,0,2,52.4,0,1,4,1.3,0.0,0,0,12.5,0,299,4,1,0,,0,0,0,0.0,,0,,0,115,0,0
Kendall Sheffield,34105,CB,NYJ,2,0,0,22,59.5,0,0,1,3.6,0.0,0,0,0.0,0,28,1,0,0,59.5,0,0,1,4.5,0.0,0,0.0,0,22,1,0
Darnell Savage,34247,S,JAX,7,0,0,15,55.5,0,0,2,0.8,0.0,0,1,0.0,0,259,2,0,0,58.4,0,0,1,0.8,0.0,0,0.0,0,124,1,0
Zack Baun,34632,LB,PHI,9,0,0,24,63.3,0,5,50,16.8,6.0,3,2,9.0,2,334,56,7,0,73.9,0,1,14,13.3,14.3,2,10.7,1,135,18,2
Johnathan Abram,34646,S,NO,3,0,0,20,40.4,0,2,4,6.2,0.0,0,1,25.0,0,65,4,2,0,40.4,0,2,4,13.3,0.0,0,25.0,0,30,4,2
Akeem Davis-Gaither,34788,LB,CIN,10,0,0,7,62.2,0,4,20,23.3,15.0,3,0,10.0,0,86,20,4,0,66.2,0,1,7,18.9,28.6,2,7.1,0,37,7,1
Jamel Dean,34918,CB,TB,6,0,1,30,55.8,0,0,2,0.8,0.0,0,1,0.0,0,253,2,0,0,,0,0,0,0.0,,0,,0,128,0,0
Trevis Gipson,35241,ED,SEA,5,0,0,29,53.5,0,1,21,83.3,0.0,0,1,2.4,0,30,25,1,0,60.9,0,0,4,66.7,0.0,0,0.0,0,9,6,0
Blake Cashman,35413,LB,MIN,6,1,0,18,67.0,4,2,54,21.7,3.7,2,1,9.3,2,272,59,8,0,67.6,3,0,26,23.1,3.8,1,13.5,2,130,30,5
Darrell Taylor,36001,ED,CHI,8,1,0,6,68.4,4,13,137,92.8,10.2,14,0,7.7,2,152,141,19,0,72.5,2,7,76,94.0,13.2,10,8.6,2,83,78,11
T.J. Smith,36851,DI,CAR,3,0,0,5,55.2,0,2,30,100.0,3.3,1,0,3.3,0,33,33,2,0,52.4,0,2,21,100.0,4.8,1,4.8,0,22,22,2
Shy Tuttle,37279,DI,CAR,8,1,0,5,54.5,1,0,109,100.0,0.9,1,1,0.5,0,121,121,1,1,58.2,1,0,24,100.0,4.2,1,2.1,0,29,29,1
Quinton Bell,37468,ED,MIA,8,0,0,17,84.9,0,1,24,86.7,8.3,2,0,6.3,1,30,26,2,0,92.9,0,1,11,91.7,18.2,2,13.6,1,12,11,2
Troy Reeder,38268,LB,LA,6,0,0,26,50.2,0,2,18,10.1,5.6,1,0,5.6,0,189,19,2,0,47.1,0,1,10,14.7,0.0,0,5.0,0,75,11,1
Camryn Bynum,38408,S,MIN,9,0,0,18,54.2,0,0,4,1.1,0.0,0,0,0.0,0,372,4,0,0,58.3,0,0,1,0.6,0.0,0,0.0,0,168,1,0
Casey Toohill,38472,ED,BUF,10,1,0,4,55.2,0,3,75,100.0,4.0,3,0,3.3,1,78,78,4,0,61.9,0,3,24,100.0,8.3,2,10.4,1,25,25,4
Matthew Adams,38526,LB,NYG,1,0,0,21,39.4,0,1,1,100.0,0.0,0,0,50.0,0,1,1,1,0,39.4,0,1,1,100.0,0.0,0,50.0,0,1,1,1
Folorunso Fatukasi,38558,DI,HST,10,0,0,13,56.4,2,7,138,100.0,4.3,6,3,4.0,1,144,144,10,0,55.5,1,1,34,100.0,2.9,1,5.9,1,37,37,3
Maurice Hurst,38563,DI,CLV,5,0,0,8,54.8,0,0,40,97.7,5.0,2,1,2.5,1,43,42,1,0,60.6,0,0,18,100.0,11.1,2,5.6,1,20,20,1
Eric Wilson,38587,LB,GB,9,0,0,12,78.2,0,1,11,11.5,9.1,1,0,22.7,2,104,12,3,0,71.7,0,1,6,16.2,16.7,1,25.0,1,37,6,2
Joe Giles-Harris,39382,LB,NE,2,0,0,19,60.0,1,0,1,11.1,0.0,0,0,50.0,0,9,1,1,0,60.0,1,0,1,25.0,0.0,0,50.0,0,4,1,1
Tershawn Wharton,40292,DI,KC,9,1,0,16,67.3,1,15,248,96.8,10.1,25,1,4.4,3,278,269,19,1,72.7,1,12,127,98.6,15.0,19,7.5,3,139,137,16
Chazz Surratt,40313,LB,NYJ,6,0,0,22,61.2,1,0,4,22.2,0.0,0,0,12.5,0,27,6,1,0,60.0,0,0,0,25.0,,0,,0,4,1,0
L'Jarius Sneed,40588,CB,TEN,5,0,0,31,42.4,0,1,1,0.6,0.0,0,4,50.0,0,169,1,1,0,,0,0,0,0.0,,0,,0,59,0,0
Ko Kieft,41372,TE,TB,1,0,0,30,60.0,0,0,1,100.0,0.0,0,0,0.0,0,1,1,0,0,,0,0,0,,,0,,0,0,0,0
Alohi Gilman,41662,S,LAC,8,0,0,27,63.3,0,0,1,0.3,0.0,0,3,100.0,1,328,1,1,0,,0,0,0,0.0,,0,,0,156,0,0
Ed Oliver,42200,DI,BUF,8,0,0,4,73.6,4,15,210,98.7,12.9,27,0,5.0,1,224,221,20,0,76.1,3,10,97,100.0,15.5,15,7.7,1,103,103,14
Divine Deablo,42208,LB,LV,6,0,0,23,68.6,0,3,20,12.8,20.0,4,0,12.5,1,172,22,4,0,67.0,0,0,8,10.1,25.0,2,0.0,0,79,8,0
Charlie Woerner,42257,TE,ATL,1,0,0,2,60.0,0,0,1,100.0,0.0,0,0,0.0,0,1,1,0,0,,0,0,0,,,0,,0,0,0,0
Janarius Robinson,42447,ED,LV,6,1,0,23,54.0,0,2,59,95.3,3.4,2,2,3.4,1,64,61,3,0,53.3,0,1,38,92.9,5.3,2,3.9,1,42,39,2
Amen Ogbongbemiga,42449,LB,CHI,2,0,0,6,75.4,0,0,1,9.1,100.0,1,0,100.0,1,11,1,1,0,75.4,0,0,1,10.0,100.0,1,100.0,1,10,1,1
Isaiah Simmons,42451,LB,NYG,7,0,0,21,56.0,0,3,12,14.0,16.7,2,0,12.5,0,86,12,3,0,39.2,0,1,7,14.6,0.0,0,7.1,0,48,7,1
K'Von Wallace,42467,S,SEA,9,0,0,29,60.0,0,0,1,1.8,0.0,0,0,0.0,0,55,1,0,0,,0,0,0,0.0,,0,,0,20,0,0
Antoine Winfield Jr.,42475,S,TB,6,1,0,30,70.2,1,3,19,8.2,5.3,1,2,15.8,1,232,19,5,0,74.1,1,0,9,8.7,11.1,1,16.7,1,104,9,2
Tomon Fox,42486,ED,NYG,4,0,0,21,61.9,1,0,20,90.9,5.0,1,0,7.5,1,22,20,2,0,65.8,1,0,4,100.0,25.0,1,12.5,0,4,4,1
Rashad Weaver,42495,ED,HST,2,0,0,13,66.9,0,0,5,100.0,20.0,1,0,0.0,0,5,5,0,0,67.4,0,0,3,100.0,33.3,1,0.0,0,3,3,0
Daniel Thomas,42544,S,JAX,3,0,0,15,58.4,0,0,1,3.7,0.0,0,1,0.0,0,27,1,0,0,58.4,0,0,1,4.5,0.0,0,0.0,0,22,1,0
Krys Barnes,42548,LB,ARZ,10,0,0,1,64.8,0,1,15,15.1,6.7,1,1,16.7,2,106,16,3,0,63.4,0,0,9,16.1,0.0,0,11.1,1,62,10,1
Nazeeh Johnson,42553,CB,KC,7,0,0,16,71.1,0,1,4,3.2,0.0,0,1,37.5,1,126,4,2,0,74.7,0,0,2,3.2,0.0,0,50.0,1,62,2,1
Justin Strnad,42659,LB,DEN,7,1,0,10,78.6,1,4,38,19.0,13.2,5,1,14.5,3,205,39,8,0,78.5,0,1,12,15.2,16.7,2,29.2,3,79,12,4
Chauncey Golston,42718,ED,DAL,9,0,0,9,68.7,0,17,171,98.9,14.0,24,0,6.7,3,183,181,20,0,68.6,0,8,72,98.7,18.1,13,6.9,1,75,74,9
Nick Bosa,42741,ED,SF,9,0,1,28,86.9,10,33,287,98.7,19.2,55,4,9.6,6,305,301,49,0,90.9,8,25,149,99.4,27.5,41,15.1,6,157,156,39
Osa Odighizuwa,42754,DI,DAL,9,0,0,9,70.2,5,17,221,100.0,14.5,32,1,6.3,3,233,233,25,0,72.5,2,11,97,100.0,21.6,21,8.8,2,100,100,15
Rashan Gary,42905,ED,GB,9,1,0,12,61.7,4,13,211,99.1,9.5,20,0,5.5,3,223,221,20,0,61.8,3,8,107,99.1,12.1,13,7.9,3,111,110,14
Khalid Kareem,42993,ED,ATL,1,0,0,2,57.6,0,0,2,66.7,0.0,0,0,0.0,0,3,2,0,0,,0,0,0,0.0,,0,,0,1,0,0
Jonathon Cooper,43021,ED,DEN,10,0,0,10,64.5,5,22,232,86.9,12.1,28,1,8.8,7,297,258,34,0,73.1,3,18,103,89.2,21.4,22,16.0,6,130,116,27
Brandon Jones,43049,S,DEN,10,0,0,10,65.5,0,0,6,2.1,33.3,2,1,0.0,0,390,8,0,0,62.7,0,0,3,2.3,33.3,1,0.0,0,177,4,0
Devin White,43089,LB,HST,3,0,0,13,38.0,0,3,11,33.3,0.0,0,0,13.6,0,33,11,3,0,46.6,0,1,6,37.5,0.0,0,8.3,0,16,6,1
Jeremy Chinn,43179,S,WAS,10,0,0,32,43.4,0,2,18,6.0,0.0,0,1,5.6,0,316,19,2,0,43.2,0,2,4,2.9,0.0,0,25.0,0,136,4,2
Mack Wilson Sr.,43190,LB,ARZ,10,2,0,1,56.2,1,6,105,38.4,5.7,6,1,4.3,1,284,109,8,0,55.1,1,4,56,52.3,7.1,4,6.3,1,111,58,6
Richie Grant,43196,S,ATL,5,0,0,2,65.1,0,1,3,4.2,33.3,1,0,16.7,0,72,3,1,0,68.3,0,1,2,6.3,50.0,1,25.0,0,32,2,1
Joe Bachie,43250,LB,CIN,6,0,0,7,58.3,0,1,2,16.7,0.0,0,0,25.0,0,12,2,1,0,,0,0,0,0.0,,0,,0,5,0,0
Damar Hamlin,43291,S,BUF,10,0,0,4,62.2,0,0,5,1.3,0.0,0,2,0.0,0,386,5,0,0,67.4,0,0,2,1.3,0.0,0,0.0,0,156,2,0
Josh Metellus,43395,S,MIN,9,0,0,18,70.9,3,5,40,11.8,12.5,5,1,10.0,0,374,44,8,0,60.2,0,4,15,10.0,20.0,3,13.3,0,180,18,4
Alex Highsmith,43507,ED,PIT,6,1,0,25,84.6,8,13,155,91.8,18.7,29,4,8.7,3,184,169,24,0,83.5,5,9,84,95.8,26.2,22,11.9,3,96,92,17
Ben Stille,43555,DI,ARZ,5,1,0,1,56.8,0,4,75,100.0,4.0,3,0,4.0,1,80,80,5,0,57.7,0,4,42,100.0,7.1,3,4.8,0,43,43,4
Jake Hansen,43645,LB,HST,3,0,0,13,65.4,0,1,8,13.4,12.5,1,0,18.8,1,67,9,2,0,51.1,0,0,4,18.5,0.0,0,0.0,0,27,5,0
Levi Onwuzurike,43679,DI,DET,9,0,0,11,66.6,8,16,249,98.9,11.2,28,1,6.0,3,271,268,27,0,72.6,5,14,129,97.9,15.5,20,9.7,3,141,138,22
Jeffery Simmons,43742,DI,TEN,8,1,0,31,69.8,3,16,208,96.5,10.6,22,2,6.0,3,228,220,22,0,75.0,3,11,89,97.0,14.6,13,10.1,2,100,97,16
Derrick Brown,43883,DI,CAR,1,0,0,5,51.4,0,0,22,96.0,0.0,0,0,0.0,0,25,24,0,0,52.6,0,0,6,100.0,0.0,0,0.0,0,8,8,0
Pat Jones II,43974,ED,MIN,9,0,0,18,48.3,2,6,179,88.0,6.1,11,0,5.0,5,216,190,13,0,55.3,2,6,93,93.5,11.8,11,9.7,5,107,100,13
Byron Murphy Jr.,44027,CB,MIN,9,0,0,18,55.4,0,0,2,0.5,0.0,0,2,0.0,0,369,2,0,0,55.4,0,0,2,1.2,0.0,0,0.0,0,172,2,0
Benito Jones,44035,DI,MIA,9,0,0,17,60.8,1,2,86,97.9,4.7,4,0,1.7,0,95,93,3,0,58.7,1,0,22,100.0,4.5,1,2.3,0,26,26,1
Adetokunbo Ogundeji,44047,ED,PIT,3,0,0,25,59.2,0,2,16,85.0,12.5,2,0,6.3,0,20,17,2,0,62.0,0,2,12,85.7,16.7,2,8.3,0,14,12,2
Julian Okwara,44152,ED,ARZ,8,0,0,1,60.8,1,4,69,71.7,13.0,9,1,3.6,0,99,71,5,0,58.8,0,3,23,66.7,13.0,3,6.5,0,36,24,3
Quinnen Williams,44216,DI,NYJ,10,0,0,22,75.6,4,24,256,99.3,12.5,32,1,7.8,6,284,282,34,0,79.1,2,17,136,100.0,16.9,23,11.4,6,150,150,25
Nnamdi Madubuike,44304,DI,BLT,10,0,0,3,72.3,6,26,333,97.8,12.0,40,4,6.6,6,368,360,38,0,76.8,5,24,183,99.5,15.8,29,10.1,4,205,204,33
Boogie Basham,44320,ED,NYG,1,1,0,21,61.5,0,0,10,100.0,0.0,0,0,0.0,0,10,10,0,0,56.8,0,0,2,100.0,0.0,0,0.0,0,2,2,0
Naquan Jones,44363,DI,ARZ,5,0,0,1,64.2,1,4,59,100.0,8.5,5,0,7.6,2,63,63,7,0,70.1,1,3,22,100.0,18.2,4,18.2,2,23,23,6
Isaiahh Loudermilk,44416,DI,PIT,9,1,0,25,55.1,0,3,46,100.0,4.3,2,0,3.3,0,50,50,3,1,65.0,0,3,16,100.0,12.5,2,9.4,0,17,17,3
Kyzir White,44485,LB,ARZ,10,0,0,1,47.8,2,8,60,17.8,6.7,4,0,10.0,1,359,64,11,0,59.7,2,6,32,20.9,12.5,4,15.6,1,158,33,9
Trysten Hill,44519,DI,NE,2,0,0,19,51.9,0,0,9,100.0,0.0,0,0,0.0,0,9,9,0,0,53.3,0,0,4,100.0,0.0,0,0.0,0,4,4,0
Brian Burns,44522,ED,NYG,10,4,1,21,79.8,6,27,269,92.2,13.4,36,1,8.4,6,307,283,39,0,77.1,6,17,119,94.7,16.8,20,12.2,3,132,125,26
D.J. Wonnum,44550,ED,CAR,1,0,0,5,66.1,1,3,29,85.7,20.7,6,0,10.3,1,35,30,5,0,61.3,1,2,12,80.0,25.0,3,12.5,0,15,12,3
Raekwon Davis,44582,DI,IND,10,0,0,14,53.1,0,4,118,100.0,3.4,4,2,1.7,0,125,125,4,0,59.2,0,3,41,100.0,7.3,3,3.7,0,45,45,3
Jonah Williams,44597,DI,LA,3,0,0,26,65.7,1,1,18,100.0,11.1,2,0,5.6,0,18,18,2,0,53.9,0,0,5,100.0,0.0,0,0.0,0,5,5,0
Leki Fotu,44614,DI,NYJ,2,0,0,22,53.0,0,0,11,100.0,0.0,0,0,0.0,0,14,14,0,0,54.4,0,0,5,100.0,0.0,0,0.0,0,6,6,0
Luke Masterson,45046,LB,LV,4,0,0,23,61.5,0,0,7,11.5,14.3,1,0,0.0,0,61,7,0,0,56.3,0,0,2,9.1,0.0,0,0.0,0,22,2,0
Eyioma Uwazurike,45414,DI,DEN,2,0,0,10,54.7,0,0,6,100.0,0.0,0,0,0.0,0,7,7,0,0,,0,0,0,,,0,,0,0,0,0
Da'Shawn Hand,48386,DI,MIA,9,1,0,17,62.8,3,6,154,99.4,8.4,13,0,3.6,1,166,165,10,0,62.1,1,5,56,98.5,10.7,6,7.1,1,65,64,7
Jalyn Holmes,48400,DI,WAS,9,0,0,32,51.7,1,3,59,100.0,1.7,1,0,5.1,1,65,65,5,0,54.9,0,0,16,100.0,0.0,0,6.3,1,18,18,1
Kentavius Street,48404,DI,ATL,6,0,1,2,60.4,0,4,63,100.0,7.9,5,2,3.2,0,65,65,4,0,67.5,0,3,21,100.0,19.0,4,7.1,0,22,22,3
Anthony Nelson,48405,ED,TB,10,0,0,30,59.1,3,9,136,79.7,11.0,15,0,5.9,2,187,149,14,0,56.4,1,4,66,80.2,10.6,7,6.8,2,91,73,7
Jonathan Greenard,48407,ED,MIN,9,2,0,18,81.3,5,36,274,90.0,15.7,43,2,10.0,7,321,289,48,1,91.4,5,25,134,91.6,23.9,32,15.7,6,155,142,36
Mike Danna,48415,ED,KC,5,0,0,16,56.9,2,6,115,91.9,6.1,7,0,4.3,1,136,125,9,0,58.9,2,3,48,94.7,10.4,5,7.3,1,57,54,6
Demone Harris,48452,ED,ATL,3,0,0,2,47.2,0,1,64,91.9,3.1,2,1,0.8,0,74,68,1,0,49.3,0,1,28,100.0,3.6,1,1.8,0,30,30,1
James Smith-Williams,48455,ED,ATL,10,0,0,2,52.0,1,2,124,82.2,5.6,7,0,2.0,1,157,129,4,0,56.3,0,2,49,83.9,10.2,5,4.1,1,62,52,3
Sam Hubbard,48457,ED,CIN,10,1,0,7,48.4,5,8,195,90.8,6.7,13,0,4.4,2,229,208,15,0,49.0,2,5,81,93.5,8.6,7,4.3,0,93,87,7
Tyquan Lewis,48475,ED,IND,4,0,0,14,52.3,2,8,91,97.1,7.7,7,1,7.7,2,103,100,12,0,53.8,0,5,40,100.0,12.5,5,8.8,1,47,47,6
Carl Granderson,48500,ED,NO,10,2,0,20,69.9,1,27,290,92.9,13.8,40,1,6.6,5,336,312,33,0,76.3,0,20,145,91.9,21.4,31,9.7,4,172,158,24
Oshane Ximines,48538,ED,NE,2,0,0,19,58.8,0,0,10,83.3,10.0,1,0,0.0,0,12,10,0,0,55.0,0,0,3,100.0,0.0,0,0.0,0,3,3,0
Dorance Armstrong,48557,ED,WAS,9,0,0,32,81.6,7,15,172,95.5,18.0,31,2,8.7,4,201,192,26,0,81.1,4,9,85,95.9,21.2,18,12.4,4,98,94,17
Harold Landry III,48600,ED,TEN,9,1,0,31,51.5,5,11,213,83.2,4.7,10,1,6.1,5,273,227,21,0,48.5,0,4,85,87.7,4.7,4,5.9,3,106,93,7
Roy Lopez,48676,DI,ARZ,9,1,0,1,68.5,2,10,121,100.0,9.9,12,0,5.8,1,132,132,13,1,78.0,0,4,42,100.0,14.3,6,7.1,1,45,45,5
Harrison Phillips,48690,DI,MIN,9,2,0,18,58.9,2,7,197,100.0,4.1,8,0,3.3,2,207,207,11,1,54.2,0,5,69,100.0,7.2,5,3.6,0,76,76,5
Daron Payne,48698,DI,WAS,10,0,1,32,64.6,1,21,219,100.0,9.6,21,1,5.9,2,239,239,24,0,65.8,1,15,104,100.0,13.5,14,9.6,2,112,112,18
Greg Gaines,48706,DI,TB,8,0,0,30,51.2,2,2,167,96.6,3.0,5,2,1.8,1,179,173,5,0,50.8,1,1,87,96.7,2.3,2,1.1,0,91,88,2
Taven Bryan,48753,DI,IND,10,1,0,14,66.5,0,4,103,98.2,10.7,11,2,2.9,1,113,111,5,0,67.5,0,2,37,100.0,16.2,6,5.4,1,39,39,3
Bruce Hector,48759,DI,NYJ,2,0,0,22,54.3,0,0,9,100.0,0.0,0,0,0.0,0,10,10,0,0,59.7,0,0,0,100.0,,0,,0,1,1,0
L.J. Collier,48822,DI,ARZ,10,0,0,1,59.2,4,16,176,100.0,9.7,17,1,6.3,1,184,184,21,0,66.8,4,13,70,100.0,17.1,12,13.6,1,71,71,18
Eli Ankou,48856,DI,BUF,2,0,0,4,53.7,0,0,11,100.0,0.0,0,0,0.0,0,11,11,0,0,55.5,0,0,5,100.0,0.0,0,0.0,0,5,5,0
Daniel Ekuale,48874,DI,NE,9,0,0,19,54.5,1,3,229,100.0,5.2,12,0,1.7,2,243,243,6,0,52.6,0,2,102,100.0,6.9,7,1.0,0,109,109,2
Poona Ford,48875,DI,LAC,9,1,0,27,67.9,3,7,174,98.9,7.5,13,0,4.0,2,188,186,12,1,85.2,3,5,72,98.8,16.7,12,8.3,2,81,80,10
Justin Jones,48940,DI,ARZ,3,1,0,1,51.6,1,2,59,100.0,1.7,1,0,2.5,0,61,61,3,1,53.8,1,1,31,100.0,0.0,0,3.2,0,32,32,2
Vita Vea,48956,DI,TB,9,1,0,30,74.1,1,18,243,98.5,11.5,28,1,6.0,5,260,256,24,1,80.4,1,12,116,98.4,17.2,20,9.9,5,127,125,18
Tim Settle,48966,DI,HST,10,0,0,13,69.7,3,17,215,100.0,11.6,25,2,6.5,4,226,226,24,0,79.2,3,13,98,100.0,18.4,18,12.2,4,106,106,20
Khalil Davis,48988,DI,SF,10,0,0,28,56.4,1,6,97,99.0,7.2,7,0,4.6,1,104,103,8,0,54.9,0,4,43,100.0,9.3,4,4.7,0,47,47,4
Kendal Vickers,48993,DI,NO,1,0,0,20,57.0,0,0,12,100.0,8.3,1,0,0.0,0,12,12,0,0,61.1,0,0,6,100.0,16.7,1,0.0,0,6,6,0
Nick Scott,49012,S,CAR,6,0,0,5,39.7,0,1,1,0.6,0.0,0,0,50.0,0,175,1,1,0,59.0,0,0,1,1.2,0.0,0,0.0,0,85,1,0
Justin Reid,49048,S,KC,9,0,0,16,54.9,1,2,23,6.8,4.3,1,2,6.5,0,351,24,3,0,66.4,1,1,9,5.8,11.1,1,11.1,0,155,9,2
Tre Flowers,49059,CB,JAX,2,0,0,15,55.2,0,0,2,13.3,0.0,0,0,0.0,0,15,2,0,0,55.2,0,0,2,20.0,0.0,0,0.0,0,10,2,0
Khaleke Hudson,49073,LB,CLV,1,0,0,8,59.0,0,0,1,100.0,0.0,0,0,0.0,0,1,1,0,0,,0,0,0,,,0,,0,0,0,0
Jalen Thompson,49116,S,ARZ,9,0,0,1,62.7,2,2,13,4.1,0.0,0,0,15.4,0,343,14,4,0,74.3,2,1,6,3.9,0.0,0,25.0,0,154,6,3
Jessie Bates III,49162,S,ATL,10,0,0,2,49.1,0,2,7,1.7,0.0,0,1,14.3,0,405,7,2,0,54.5,0,1,2,1.1,0.0,0,25.0,0,175,2,1
Elijah Campbell,49190,S,MIA,4,0,0,17,57.9,0,1,1,5.9,0.0,0,0,50.0,0,17,1,1,0,57.9,0,1,1,12.5,0.0,0,50.0,0,8,1,1
Jordan Whitehead,49196,S,TB,10,0,0,30,49.8,2,5,27,6.7,7.4,2,0,13.0,0,430,29,7,0,43.6,0,4,13,6.2,7.7,1,15.4,0,211,13,4
Demetrius Flannigan-Fowles,49231,LB,SF,4,0,0,28,53.5,0,0,4,9.3,0.0,0,0,0.0,0,43,4,0,0,54.3,0,0,3,17.6,0.0,0,0.0,0,17,3,0
Carlton Davis III,49335,CB,DET,9,0,1,11,60.0,0,0,1,0.3,0.0,0,8,0.0,0,387,1,0,0,,0,0,0,0.0,,0,,0,181,0,0
Ugo Amadi,49352,CB,NO,4,0,0,20,57.5,0,0,9,9.7,0.0,0,0,11.1,1,93,9,1,0,61.1,0,0,6,11.3,0.0,0,16.7,1,53,6,1
Chris Lammons,49368,CB,IND,3,0,0,14,95.2,0,0,2,4.6,0.0,0,0,50.0,1,65,3,1,0,95.2,0,0,2,10.7,0.0,0,50.0,1,28,3,1
Cam Lewis,49395,S,BUF,10,0,0,4,62.6,0,5,23,9.8,8.7,2,0,10.9,0,244,24,5,0,61.2,0,4,16,13.1,12.5,2,12.5,0,122,16,4
Donovan Wilson,49408,S,DAL,9,0,0,9,59.3,0,3,19,6.8,5.3,1,1,13.2,1,293,20,4,0,57.7,0,3,8,6.7,12.5,1,18.8,0,120,8,3
Julian Blackmon,49434,S,IND,9,0,0,14,71.5,0,0,10,3.2,10.0,1,0,10.0,1,371,12,1,0,,0,0,0,0.0,,0,,0,163,0,0
Taron Johnson,49511,CB,BUF,6,0,0,4,71.5,0,0,4,2.1,25.0,1,2,25.0,1,193,4,1,0,58.4,0,0,1,1.4,0.0,0,0.0,0,70,1,0
Nick McCloud,49535,CB,NYG,6,0,0,21,78.2,0,0,3,3.2,33.3,1,0,0.0,0,93,3,0,0,58.8,0,0,1,2.6,0.0,0,0.0,0,38,1,0
Denzel Ward,49558,CB,CLV,9,0,1,8,56.2,1,0,2,0.9,0.0,0,2,25.0,0,224,2,1,0,60.0,0,0,1,1.0,0.0,0,0.0,0,99,1,0
Ashtyn Davis,49560,S,NYJ,6,0,0,22,51.8,0,2,4,5.9,0.0,0,0,25.0,0,68,4,2,0,51.8,0,2,4,12.9,0.0,0,25.0,0,31,4,2
Zach Allen,49605,DI,DEN,10,1,0,10,72.1,13,28,354,99.0,13.6,48,3,7.8,7,389,385,48,0,74.6,9,21,163,98.9,17.2,28,12.9,6,179,177,36
Nick Thurman,49607,DI,CAR,9,0,0,5,56.2,0,1,82,100.0,1.2,1,1,0.6,0,89,89,1,0,63.3,0,1,24,100.0,4.2,1,2.1,0,26,26,1
Genard Avery,49699,ED,IND,1,0,0,14,59.1,0,0,1,100.0,0.0,0,0,0.0,0,1,1,0,0,59.1,0,0,1,100.0,0.0,0,0.0,0,1,1,0
Quincy Williams,49779,LB,NYJ,10,0,0,22,65.2,0,5,34,10.0,5.9,2,2,10.3,1,369,37,6,0,61.5,0,5,17,10.3,11.8,2,14.7,0,184,19,5
Azeez Al-Shaair,49792,LB,HST,7,0,0,13,63.6,5,7,27,12.4,3.7,1,0,25.9,1,233,29,13,0,64.9,4,6,18,18.3,5.6,1,27.8,0,104,19,10
Zaire Franklin,49834,LB,IND,10,0,0,14,60.6,1,9,33,9.0,18.2,6,1,15.2,0,391,35,10,0,63.9,1,8,21,13.7,23.8,5,21.4,0,168,23,9
Christian Rozeboom,49862,LB,LA,9,0,0,26,40.3,0,2,13,5.9,0.0,0,1,7.7,0,221,13,2,0,51.8,0,0,5,5.7,0.0,0,0.0,0,87,5,0
B.J. Hill,49894,DI,CIN,8,4,0,7,68.3,3,14,183,98.5,11.5,21,1,4.6,0,197,194,17,3,70.2,2,9,79,97.7,16.5,13,7.0,0,86,84,11
Sebastian Joseph-Day,49935,DI,TEN,9,1,0,31,57.6,2,8,123,98.5,6.5,8,1,6.5,3,134,132,13,1,54.3,0,4,40,100.0,7.5,3,7.5,1,44,44,5
Jerry Tillery,49949,DI,MIN,9,0,0,18,53.4,4,7,145,99.4,6.9,10,0,3.8,0,154,153,11,0,56.4,3,4,49,100.0,8.2,4,7.1,0,53,53,7
Derrick Nnadi,49970,DI,KC,9,0,0,16,44.6,0,0,32,94.4,0.0,0,0,0.0,0,36,34,0,0,56.0,0,0,3,80.0,0.0,0,0.0,0,5,4,0
Broderick Washington,50049,DI,BLT,8,2,0,3,59.3,1,8,138,94.8,4.3,6,1,3.3,0,155,147,9,2,72.6,1,5,59,97.1,8.5,5,5.1,0,69,67,6
Uchenna Nwosu,50084,ED,SEA,1,0,0,29,50.9,0,0,10,100.0,0.0,0,0,0.0,0,10,10,0,0,56.1,0,0,2,100.0,0.0,0,0.0,0,2,2,0
John Franklin-Myers,50088,DI,DEN,10,0,0,10,75.1,4,14,185,99.5,13.0,24,1,7.6,5,196,195,23,0,63.0,1,9,84,100.0,14.3,12,8.3,2,88,88,12
Josh Sweat,50120,ED,PHI,9,1,0,24,74.3,7,19,212,91.9,17.0,36,1,8.5,5,248,228,31,0,77.4,5,13,87,89.8,24.1,21,13.8,3,108,97,21
Lorenzo Carter,50126,ED,ATL,6,0,0,2,47.5,3,1,91,85.8,1.1,1,1,2.2,0,113,97,4,0,47.5,1,1,35,95.1,0.0,0,2.9,0,41,39,2
Ogbo Okoronkwo,50130,ED,CLV,9,0,0,8,50.2,1,4,122,94.8,8.2,10,2,3.7,2,134,127,7,0,46.3,1,3,63,97.0,6.3,4,6.3,2,67,65,6
Jacob Martin,50152,ED,CHI,3,0,0,6,84.3,2,5,28,96.8,25.0,7,0,19.6,2,31,30,9,0,90.2,2,3,19,95.0,31.6,6,23.7,2,20,19,7
Malcolm Roach,50191,DI,DEN,10,1,0,10,58.2,2,5,134,98.0,6.7,9,1,3.4,1,151,148,8,0,64.9,2,3,63,95.8,12.7,8,5.6,1,71,68,6
Arden Key,50201,ED,TEN,9,1,0,31,73.2,4,14,209,93.3,13.9,29,3,6.2,4,240,224,22,0,79.9,2,4,90,97.0,17.8,16,6.7,3,101,98,9
Oren Burks,50203,LB,PHI,2,0,0,24,53.0,0,1,3,18.8,0.0,0,0,16.7,0,16,3,1,0,54.0,0,1,2,22.2,0.0,0,25.0,0,9,2,1
Josh Hines-Allen,50235,ED,JAX,10,1,0,15,87.7,5,32,282,96.3,19.1,54,3,8.7,6,321,309,43,0,84.1,3,23,132,96.7,25.8,34,11.4,2,151,146,28
Marquis Haynes Sr.,50244,ED,CAR,2,0,0,5,46.9,0,1,21,96.0,4.8,1,1,2.4,0,25,24,1,0,48.5,0,1,12,93.3,8.3,1,4.2,0,15,14,1
Marcus Davenport,50291,ED,DET,2,0,0,11,64.4,3,3,56,96.8,14.3,8,2,7.1,1,62,60,7,0,75.2,2,3,29,96.7,27.6,8,12.1,1,30,29,6
Christian Wilkins,50293,DI,LV,5,0,0,23,67.1,3,4,143,95.6,9.1,13,0,3.8,2,158,151,9,0,63.5,0,4,65,94.6,9.2,6,4.6,1,74,70,5
Isaiah Oliver,50393,S,NYJ,10,0,1,22,61.4,1,0,11,5.3,0.0,0,2,13.6,1,207,11,2,0,62.2,1,0,10,7.5,0.0,0,15.0,1,134,10,2
Jeremy Reaves,50406,S,WAS,2,0,0,32,60.0,0,0,1,50.0,0.0,0,0,0.0,0,2,1,0,0,,0,0,0,,,0,,0,0,0,0
Juan Thornhill,50426,S,CLV,4,0,0,8,66.9,1,0,1,0.8,0.0,0,0,50.0,0,120,1,1,0,66.9,1,0,1,1.9,0.0,0,50.0,0,54,1,1
Jalen Davis,50431,CB,CIN,2,0,0,7,48.9,0,0,5,13.2,0.0,0,0,0.0,0,38,5,0,0,50.5,0,0,3,13.6,0.0,0,0.0,0,22,3,0
Mike Jackson,50437,CB,CAR,10,0,0,5,60.0,0,1,1,0.3,0.0,0,4,50.0,0,362,1,1,0,,0,0,0,0.0,,0,,0,153,0,0
Avonte Maddox,50543,CB,PHI,9,1,0,24,71.9,0,0,2,1.9,0.0,0,3,0.0,0,159,3,0,0,59.0,0,0,1,1.4,0.0,0,0.0,0,69,1,0
Byron Cowart,50588,DI,CHI,7,0,0,6,57.6,0,3,51,100.0,9.8,5,0,4.9,1,51,51,4,0,55.2,0,3,26,100.0,11.5,3,9.6,1,26,26,4
Josey Jewell,50720,LB,CAR,7,0,0,5,50.7,0,2,18,8.6,5.6,1,0,5.6,0,233,20,2,0,54.0,0,2,12,13.3,8.3,1,8.3,0,90,12,2
Cody Barton,50727,LB,DEN,10,0,1,10,64.2,0,8,56,16.4,8.9,5,1,8.9,1,373,61,9,0,62.8,0,4,25,17.8,16.0,4,8.0,0,163,29,4
Jordyn Brooks,50851,LB,MIA,9,0,0,17,74.1,2,10,45,15.7,17.8,8,0,15.6,1,319,50,13,0,74.0,0,8,21,15.6,23.8,5,23.8,1,154,24,9
Roquan Smith,50892,LB,BLT,10,0,0,3,56.1,2,5,59,13.7,5.1,3,1,5.9,0,474,65,7,0,58.8,2,4,28,13.9,3.6,1,10.7,0,244,34,6
Tremaine Edmunds,50905,LB,CHI,9,1,0,6,61.7,2,0,27,8.8,0.0,0,0,7.4,1,317,28,3,1,74.5,2,0,14,9.2,0.0,0,14.3,1,153,14,3
Robert Spillane,50918,LB,LV,9,1,0,23,68.4,1,4,41,13.6,9.8,4,0,8.5,1,332,45,6,1,61.8,1,3,19,13.5,15.8,3,10.5,0,156,21,4
Bobby Okereke,50954,LB,NYG,10,0,0,21,86.7,0,1,26,8.1,3.8,1,0,13.5,3,347,28,4,0,53.3,0,0,14,10.3,0.0,0,7.1,1,146,15,1
Ja'Whaun Bentley,50966,LB,NE,2,0,0,19,62.3,0,1,7,15.2,0.0,0,0,21.4,1,46,7,2,0,68.1,0,0,3,15.0,0.0,0,33.3,1,20,3,1
Frankie Luvu,51028,LB,WAS,10,1,0,32,75.3,1,13,91,30.4,17.6,16,2,13.2,5,329,100,19,0,66.3,0,10,45,35.7,15.6,7,17.8,3,140,50,13
Tyrel Dodson,51045,LB,SEA,9,0,0,29,64.0,1,4,31,9.5,0.0,0,0,14.5,2,348,33,7,0,53.1,0,1,14,10.4,0.0,0,10.7,1,144,15,2
Jahlani Tavai,51055,LB,NE,10,0,0,19,67.9,0,11,58,19.4,20.7,12,2,11.2,1,309,60,12,0,65.9,0,5,25,20.6,24.0,6,14.0,1,126,26,6
Julian Love,51081,S,SEA,9,0,0,29,52.7,0,0,4,1.2,0.0,0,0,0.0,0,335,4,0,0,,0,0,0,0.0,,0,,0,140,0,0
Ben Niemann,51099,LB,DET,5,0,0,11,52.2,0,2,10,38.5,0.0,0,0,10.0,0,26,10,2,0,54.7,0,1,3,50.0,0.0,0,16.7,0,6,3,1
Taylor Rapp,51172,S,BUF,9,1,0,4,65.1,0,0,5,1.6,0.0,0,1,0.0,0,322,5,0,0,59.7,0,0,1,0.8,0.0,0,0.0,0,129,1,0
P.J. Locke,51189,S,DEN,8,0,0,10,68.4,0,1,11,3.2,0.0,0,1,22.7,2,345,11,3,0,76.3,0,1,6,3.9,0.0,0,41.7,2,154,6,3
Minkah Fitzpatrick,51206,S,PIT,9,0,0,25,60.0,0,0,0,0.3,,0,1,,0,352,1,0,0,,0,0,0,0.0,,0,,0,177,0,0
Fred Warner,51222,LB,SF,9,0,0,28,56.0,1,2,17,6.1,5.9,1,1,14.7,1,312,19,4,0,66.8,1,2,7,6.0,14.3,1,35.7,1,150,9,4
Drue Tranquill,51276,LB,KC,9,0,0,16,73.7,4,3,58,24.8,10.3,6,1,9.5,2,258,64,9,0,81.9,1,1,16,18.5,18.8,3,18.8,2,92,17,4
Terrell Edmunds,51334,S,PIT,6,0,0,25,54.5,0,0,2,5.1,0.0,0,0,0.0,0,59,3,0,0,58.4,0,0,0,2.7,,0,,0,37,1,0
Will Harris,51336,S,NO,6,0,0,20,54.1,0,1,11,5.4,9.1,1,0,4.5,0,240,13,1,0,59.7,0,0,5,4.9,0.0,0,0.0,0,122,6,0
Derwin James Jr.,51368,S,LAC,8,3,0,27,64.1,0,4,35,11.0,5.7,2,3,8.6,1,318,35,5,1,50.9,0,2,12,8.2,8.3,1,8.3,0,147,12,2
Amani Hooker,51378,S,TEN,9,0,0,31,67.9,2,3,8,2.6,25.0,2,1,31.3,0,309,8,5,0,,0,1,0,0.0,,0,,0,117,0,1
Marcus Epps,51391,S,LV,3,0,0,23,70.8,0,0,4,3.7,25.0,1,0,0.0,0,107,4,0,0,65.6,0,0,1,1.9,100.0,1,0.0,0,53,1,0
Jaylinn Hawkins,51423,S,NE,10,0,0,19,49.2,0,0,12,5.8,0.0,0,0,0.0,0,241,14,0,0,50.7,0,0,5,5.2,0.0,0,0.0,0,115,6,0
Kaden Elliss,51485,LB,ATL,10,0,0,2,67.9,8,11,69,18.4,13.0,9,0,15.2,1,402,74,20,0,69.6,4,8,36,22.1,13.9,5,19.4,1,172,38,13
J.T. Gray,51495,S,NO,5,0,0,20,60.0,0,1,1,3.7,100.0,1,0,50.0,0,27,1,1,0,,0,0,0,0.0,,0,,0,17,0,0
Kenny Moore II,51596,CB,IND,8,0,0,14,73.4,1,0,14,4.6,0.0,0,1,10.7,1,304,14,2,0,75.9,1,0,7,5.2,0.0,0,21.4,1,135,7,2
Khyiris Tonga,52000,DI,ARZ,9,0,0,1,61.2,0,5,72,100.0,6.9,5,0,3.5,0,73,73,5,0,70.5,0,4,21,100.0,19.0,4,9.5,0,21,21,4
Claudin Cherelus,52094,LB,CAR,3,0,0,5,76.3,1,0,3,7.3,0.0,0,0,16.7,0,55,4,1,0,,0,0,0,0.0,,0,,0,24,0,0
Paulson Adebo,52280,CB,NO,7,0,2,20,91.5,1,1,2,0.7,100.0,2,9,50.0,0,283,2,2,0,60.0,1,0,1,0.8,100.0,1,50.0,0,129,1,1
Ivan Pace Jr.,53587,LB,MIN,7,0,0,18,80.1,4,6,49,28.1,22.4,11,2,16.3,3,185,52,13,0,78.8,2,3,16,22.8,31.3,5,21.9,1,79,18,6
C.J. Brewer,54409,DI,TB,8,2,0,30,59.7,1,1,81,96.6,1.2,1,1,2.5,1,88,85,3,1,57.0,1,1,36,94.9,0.0,0,2.8,0,39,37,2
Tarron Jackson,54410,ED,CAR,3,0,0,5,53.9,0,1,16,94.1,12.5,2,0,3.1,0,17,16,1,0,49.0,0,1,7,100.0,14.3,1,7.1,0,7,7,1
Benton Whitley,54444,ED,NYG,1,0,0,21,59.1,0,0,1,100.0,0.0,0,0,0.0,0,1,1,0,0,59.1,0,0,1,100.0,0.0,0,0.0,0,1,1,0
Brock Hoffman,54535,G,DAL,1,0,0,9,60.0,0,0,0,100.0,,0,1,,0,1,1,0,0,,0,0,0,,,0,,0,0,0,0
Coby Bryant,55088,S,SEA,7,0,0,29,60.0,0,1,1,0.6,0.0,0,0,50.0,0,163,1,1,0,60.0,0,1,1,1.4,0.0,0,50.0,0,74,1,1
Boye Mafe,55220,ED,SEA,7,0,0,29,65.6,4,19,154,79.4,9.1,14,0,10.1,4,204,162,27,0,77.3,2,14,75,85.3,17.3,13,16.0,4,95,81,20
Esezi Otomewo,55221,DI,JAX,4,0,0,15,71.5,1,6,48,96.4,14.6,7,0,9.4,1,55,53,8,0,69.1,1,4,12,100.0,25.0,3,20.8,0,15,15,5
Kalia Davis,55389,DI,SF,5,1,0,28,51.5,0,0,46,98.1,0.0,0,0,0.0,0,52,51,0,0,49.3,0,0,21,100.0,0.0,0,0.0,0,24,24,0
Ja'Sir Taylor,55426,CB,LAC,7,0,0,27,44.6,0,3,8,6.2,0.0,0,1,18.8,0,145,9,3,0,52.6,0,1,3,5.6,0.0,0,16.7,0,72,4,1
A.J. Terrell,55586,CB,ATL,10,0,0,2,57.7,0,1,1,0.3,0.0,0,2,50.0,0,397,1,1,0,,0,0,0,0.0,,0,,0,171,0,0
Josh Blackwell,55589,CB,CHI,5,0,0,6,54.5,0,2,6,7.6,16.7,1,0,16.7,0,79,6,2,0,74.5,0,1,3,6.5,33.3,1,16.7,0,46,3,1
Amik Robertson,55619,CB,DET,9,0,1,11,53.9,0,0,12,4.8,8.3,1,2,0.0,0,251,12,0,0,47.1,0,0,6,3.9,0.0,0,0.0,0,155,6,0
Tre Brown,55677,CB,SEA,6,0,0,29,56.2,0,0,1,0.6,0.0,0,2,0.0,0,165,1,0,0,56.2,0,0,1,1.4,0.0,0,0.0,0,70,1,0
Deommodore Lenoir,55686,CB,SF,9,0,4,28,44.9,0,0,11,3.6,0.0,0,5,0.0,0,335,12,0,0,52.0,0,0,2,1.2,0.0,0,0.0,0,163,2,0
Marcus Jones,55717,CB,NE,10,0,1,19,45.9,0,2,12,4.2,0.0,0,4,8.3,0,285,12,2,0,49.3,0,2,7,4.9,0.0,0,14.3,0,142,7,2
Ja'Marcus Ingram,55738,CB,BUF,7,0,0,4,92.7,0,1,3,3.5,66.7,2,1,50.0,1,85,3,2,0,92.7,0,1,3,5.3,66.7,2,50.0,1,57,3,2
Xavier McKinney,55775,S,GB,9,0,0,12,77.8,0,2,6,1.8,33.3,2,1,33.3,1,341,6,3,0,83.8,0,2,4,2.4,50.0,2,50.0,1,168,4,3
Kamren Curl,55800,S,LA,9,1,0,26,76.7,0,5,15,5.4,20.0,3,2,16.7,0,277,15,5,0,72.5,0,2,5,3.9,40.0,2,20.0,0,127,5,2
Arron Mosby,55908,ED,GB,2,0,0,12,66.9,0,0,3,100.0,33.3,1,0,33.3,1,4,4,1,0,70.0,0,0,1,100.0,100.0,1,100.0,1,2,2,1
Grant Stuard,55933,LB,IND,4,0,0,14,56.3,0,0,3,4.8,0.0,0,0,0.0,0,62,3,0,0,,0,0,0,0.0,,0,,0,18,0,0
Bryan Cook,55940,S,KC,9,0,0,16,57.9,0,0,1,0.3,0.0,0,0,0.0,0,346,1,0,0,,0,0,0,0.0,,0,,0,149,0,0
Nate Hobbs,55948,CB,LV,9,0,0,23,49.3,1,2,21,7.4,9.5,2,0,7.1,0,283,21,3,0,45.7,0,2,9,6.3,11.1,1,11.1,0,142,9,2
Tony Adams,55953,S,NYJ,8,0,0,22,58.4,0,1,9,3.8,0.0,0,2,16.7,1,261,10,2,0,53.1,0,0,3,2.6,0.0,0,0.0,0,117,3,0
Geno Stone,55967,S,CIN,10,0,0,7,54.1,2,1,11,2.8,0.0,0,0,13.6,0,394,11,3,0,53.0,1,1,4,2.5,0.0,0,25.0,0,163,4,2
Jason Pinnock,56144,S,NYG,9,0,1,21,91.0,0,2,10,3.5,40.0,4,2,40.0,3,318,11,5,0,90.7,0,1,7,5.1,42.9,3,35.7,2,137,7,3
Marte Mapu,56159,S,NE,6,0,0,19,77.8,0,0,7,4.4,14.3,1,0,14.3,1,182,8,1,0,71.3,0,0,5,6.5,20.0,1,20.0,1,77,5,1
Keisean Nixon,56167,CB,GB,9,0,0,12,93.0,2,1,8,2.5,12.5,1,4,43.8,2,321,8,5,0,92.7,1,1,6,3.6,16.7,1,50.0,2,166,6,4
Quentin Lake,56245,S,LA,9,0,0,26,63.8,1,1,7,2.2,0.0,0,2,42.9,2,321,7,4,0,72.5,0,0,2,1.4,0.0,0,100.0,2,148,2,2
Darnay Holmes,56247,CB,LV,3,0,0,23,55.3,0,0,5,12.8,0.0,0,0,0.0,0,39,5,0,0,58.7,0,0,1,7.1,0.0,0,0.0,0,14,1,0
Elijah Molden,56290,S,LAC,9,0,0,27,59.7,0,0,1,0.4,0.0,0,0,0.0,0,282,1,0,0,,0,0,0,0.0,,0,,0,151,0,0
Devon Key,56307,S,DEN,6,0,0,10,68.8,0,0,2,2.3,0.0,0,1,50.0,1,86,2,1,0,58.7,0,0,1,2.3,0.0,0,0.0,0,43,1,0
Jose Ramirez,56323,ED,TB,1,0,0,30,50.2,0,1,12,100.0,0.0,0,1,4.2,0,13,13,1,0,51.1,0,1,9,100.0,0.0,0,5.6,0,9,9,1
Victor Dimukeje,56347,ED,ARZ,5,0,0,1,75.9,5,1,33,81.0,21.2,7,0,9.1,0,42,34,6,0,84.3,4,1,16,84.2,43.8,7,15.6,0,19,16,5
Zach Carter,56349,DI,LV,5,0,0,23,49.4,0,1,79,100.0,0.0,0,1,1.9,1,83,83,2,0,53.8,0,1,26,100.0,0.0,0,5.8,1,28,28,2
A.J. Epenesa,56369,ED,BUF,10,0,0,4,55.5,5,4,217,96.6,6.9,15,1,4.4,5,235,227,14,0,63.0,3,1,87,96.9,12.6,11,6.9,4,97,94,8
Andre Jones Jr.,56395,ED,WAS,2,0,0,32,52.7,0,0,7,87.5,0.0,0,0,0.0,0,8,7,0,0,55.3,0,0,3,100.0,0.0,0,0.0,0,3,3,0
Neil Farrell Jr.,56401,DI,MIA,3,0,0,17,59.4,1,1,18,100.0,0.0,0,1,5.6,0,18,18,2,0,55.0,0,1,6,100.0,0.0,0,8.3,0,6,6,1
Earnest Brown IV,56428,DI,TB,2,0,0,30,53.0,0,0,6,100.0,0.0,0,0,0.0,0,7,7,0,0,53.2,0,0,4,100.0,0.0,0,0.0,0,5,5,0
Chase Young,56436,ED,NO,10,1,0,20,61.8,9,24,278,96.1,11.5,32,2,7.4,4,310,298,37,0,69.4,7,17,143,96.8,16.8,24,11.2,4,158,153,28
Yetur Gross-Matos,56444,ED,SF,3,0,0,28,59.9,1,4,48,100.0,10.4,5,0,5.2,0,50,50,5,0,67.1,0,4,23,100.0,21.7,5,8.7,0,23,23,4
Patrick Johnson,56460,ED,NYG,3,0,0,21,61.1,1,0,8,100.0,0.0,0,0,6.3,0,8,8,1,0,56.6,0,0,2,100.0,0.0,0,0.0,0,2,2,0
LaBryan Ray,56501,DI,CAR,9,0,0,5,46.9,0,3,144,100.0,0.7,1,0,1.7,1,161,161,4,0,51.3,0,1,48,100.0,2.1,1,3.1,1,58,58,2
Phidarian Mathis,56504,DI,WAS,10,1,0,32,55.4,0,6,105,100.0,3.8,4,1,2.9,0,110,110,6,0,57.4,0,3,31,100.0,6.5,2,4.8,0,32,32,3
D.J. Davidson,56523,DI,NYG,10,0,0,21,63.2,0,5,92,99.0,7.6,7,2,4.9,2,97,96,7,0,62.4,0,1,27,96.6,7.4,2,9.3,2,29,28,3
T.J. Slaton,56597,DI,GB,9,0,0,12,58.9,2,6,93,100.0,7.5,7,2,4.3,0,99,99,8,0,55.6,0,2,35,100.0,8.6,3,2.9,0,36,36,2
Malik Herring,56616,ED,KC,9,0,0,16,64.7,2,5,59,95.4,11.9,7,0,5.9,0,65,62,7,0,69.2,1,2,21,95.5,14.3,3,7.1,0,22,21,3
Payton Turner,56624,ED,NO,9,3,0,20,76.6,1,4,93,100.0,9.7,9,1,4.8,2,102,102,7,2,74.1,0,2,46,100.0,6.5,3,4.3,1,49,49,3
Mike Greene,56664,DI,TB,3,0,0,30,54.9,0,0,31,100.0,3.2,1,0,0.0,0,33,33,0,0,57.4,0,0,9,100.0,0.0,0,0.0,0,10,10,0
Quinton Bohanna,56673,DI,SEA,1,0,0,29,60.0,0,0,1,100.0,0.0,0,0,0.0,0,1,1,0,0,,0,0,0,,,0,,0,0,0,0
Milton Williams,56682,DI,PHI,9,0,0,24,80.8,1,7,128,99.3,15.6,20,0,6.3,4,141,140,12,0,87.0,0,6,50,100.0,26.0,13,10.0,2,54,54,8
DJ Johnson,56704,ED,CAR,9,1,1,5,53.6,0,0,80,84.0,3.8,3,2,1.3,1,106,89,1,0,58.0,0,0,23,87.9,8.7,2,4.3,1,33,29,1
Kwity Paye,56713,ED,IND,8,0,0,14,57.8,3,13,210,97.8,9.5,20,0,5.7,4,227,222,20,0,65.3,2,8,97,98.1,14.4,14,9.3,4,107,105,14
Jordan Elliott,56734,DI,SF,8,0,0,28,49.8,1,2,103,100.0,1.9,2,1,1.5,0,106,106,3,0,47.5,0,1,33,100.0,0.0,0,1.5,0,33,33,1
Jordon Riley,56759,DI,NYG,5,0,0,21,64.8,0,1,11,100.0,9.1,1,0,4.5,0,11,11,1,0,69.4,0,0,3,100.0,33.3,1,0.0,0,3,3,0
Kurt Hinish,56787,DI,HST,4,0,0,13,61.0,0,0,36,100.0,8.3,3,0,0.0,0,38,38,0,0,58.9,0,0,11,100.0,9.1,1,0.0,0,12,12,0
Isaiah Thomas,56798,ED,DET,2,0,0,11,58.6,0,1,16,90.5,12.5,2,0,3.1,0,21,19,1,0,51.2,0,1,6,100.0,0.0,0,8.3,0,8,8,1
Javon Kinlaw,56834,DI,NYJ,10,0,2,22,62.5,3,14,197,99.5,9.1,18,5,5.3,2,219,218,19,0,67.2,2,10,98,100.0,12.2,12,8.2,2,106,106,14
Kingsley Jonathan,56856,ED,BUF,1,0,0,4,64.2,1,0,6,100.0,16.7,1,0,8.3,0,6,6,1,0,68.6,1,0,2,100.0,50.0,1,25.0,0,2,2,1
Arnold Ebiketie,56862,ED,ATL,10,1,0,2,66.2,6,13,187,87.9,14.4,27,1,5.6,1,223,196,20,0,69.0,5,10,92,89.5,20.7,19,9.2,1,105,94,16
Ta'Quon Graham,56868,DI,ATL,10,0,1,2,58.7,1,4,105,99.1,6.7,7,2,2.4,0,108,107,5,0,73.9,0,2,35,100.0,14.3,5,2.9,0,35,35,2
Micheal Clemons,56872,ED,NYJ,10,0,0,22,59.0,3,13,192,99.5,8.3,16,1,6.3,4,214,213,20,0,64.0,2,10,95,99.1,13.7,13,9.5,3,106,105,15
Jayden Peevy,56876,DI,CAR,4,1,0,5,72.1,2,1,48,98.1,10.4,5,0,7.3,2,53,52,5,0,69.2,1,1,29,100.0,13.8,4,10.3,2,30,30,4
Jaelan Phillips,56902,ED,MIA,4,1,0,17,65.2,1,5,64,78.6,12.5,8,1,6.3,1,84,66,7,0,67.3,1,3,33,85.4,18.2,6,9.1,1,41,35,5
Jay Tufele,56913,DI,CIN,6,0,0,7,55.0,0,2,69,100.0,1.4,1,0,2.9,1,70,70,3,0,61.7,0,1,19,100.0,5.3,1,7.9,1,19,19,2
Dayo Odeyingbo,56923,ED,IND,10,0,0,14,65.8,8,15,262,99.6,13.7,36,1,5.9,4,275,274,27,0,67.9,4,8,117,100.0,17.1,20,7.7,3,124,124,15
DeAngelo Malone,56941,ED,ATL,2,0,0,2,57.2,0,1,25,92.9,8.0,2,0,2.0,0,28,26,1,0,61.4,0,1,16,94.4,12.5,2,3.1,0,18,17,1
Jordan Jackson,56957,DI,DEN,10,0,0,10,55.9,0,6,83,100.0,4.8,4,2,3.6,0,97,97,6,0,47.9,0,3,26,100.0,3.8,1,5.8,0,30,30,3
James Lynch,56962,DI,TEN,9,0,0,31,61.6,1,2,60,98.4,3.3,2,0,2.5,0,64,63,3,0,67.9,1,0,12,100.0,8.3,1,4.2,0,13,13,1
Brandon Pili,57036,DI,MIA,5,0,0,17,56.7,1,0,19,100.0,0.0,0,0,2.6,0,20,20,1,0,55.0,0,0,4,100.0,0.0,0,0.0,0,4,4,0
Troy Andersen,57317,LB,ATL,5,0,0,2,49.6,0,1,23,16.9,4.3,1,0,2.2,0,136,23,1,0,53.1,0,1,14,21.9,7.1,1,3.6,0,64,14,1
Jack Gibbens,57662,LB,TEN,7,0,0,31,65.0,1,1,10,8.3,10.0,1,0,20.0,1,133,11,3,0,69.7,1,1,6,12.7,16.7,1,33.3,1,55,7,3
D'Marco Jackson,57691,LB,NO,3,0,0,20,52.3,0,0,7,23.5,0.0,0,0,0.0,0,34,8,0,0,53.4,0,0,4,26.7,0.0,0,0.0,0,15,4,0
Tony Fields II,57698,LB,CLV,1,0,0,8,59.4,0,0,1,16.7,0.0,0,0,0.0,0,6,1,0,0,59.4,0,0,1,50.0,0.0,0,0.0,0,2,1,0
Chandler Wooten,57726,LB,CAR,1,0,0,5,66.3,0,0,3,15.8,33.3,1,0,0.0,0,19,3,0,0,67.1,0,0,1,16.7,100.0,1,0.0,0,6,1,0
K.J. Britt,57727,LB,TB,10,0,0,30,62.6,1,5,37,12.1,8.1,3,2,10.8,1,322,39,7,0,52.4,0,3,15,11.5,6.7,1,10.0,0,148,17,3
Jalen Pitre,57737,CB,HST,10,1,0,13,63.5,2,3,42,12.4,4.8,2,3,6.0,0,355,44,5,0,60.9,1,2,19,13.0,5.3,1,7.9,0,162,21,3
Terrel Bernard,57739,LB,BUF,7,0,0,4,56.7,1,2,23,10.4,0.0,0,0,6.5,0,230,24,3,0,60.0,1,2,11,13.9,0.0,0,13.6,0,79,11,3
Isaiah McDuffie,57754,LB,GB,9,0,0,12,53.2,2,2,15,8.3,0.0,0,0,13.3,0,217,18,4,0,50.9,0,1,4,3.9,0.0,0,12.5,0,102,4,1
Baylon Spector,57782,LB,BUF,6,0,0,4,62.2,1,0,6,5.2,0.0,0,0,25.0,1,153,8,2,0,70.2,1,0,1,2.7,0.0,0,150.0,1,75,2,2
Nate Landman,57788,LB,ATL,6,0,0,2,51.8,0,1,14,8.0,7.1,1,1,3.6,0,200,16,1,0,58.2,0,1,6,8.2,16.7,1,8.3,0,85,7,1
Ventrell Miller,57809,LB,JAX,10,0,0,15,58.3,0,2,6,4.1,0.0,0,1,16.7,0,194,8,2,0,50.4,0,0,4,8.5,0.0,0,0.0,0,59,5,0
James Houston,57810,ED,DET,6,0,1,11,57.5,1,9,62,93.4,12.9,8,2,9.7,1,76,71,11,0,57.6,1,8,38,97.9,18.4,7,11.8,0,47,46,9
Mykal Walker,57834,LB,WAS,6,0,0,32,57.4,0,0,2,12.5,0.0,0,0,0.0,0,16,2,0,0,,0,0,0,0.0,,0,,0,3,0,0
Robert Beal Jr.,57840,ED,SF,9,0,0,28,54.2,0,1,31,91.7,9.7,3,0,1.6,0,36,33,1,0,62.5,0,0,10,100.0,20.0,2,0.0,0,11,11,0
Jake Hummel,57879,LB,LA,2,0,0,26,57.4,0,1,1,7.7,0.0,0,0,50.0,0,13,1,1,0,57.4,0,1,1,11.1,0.0,0,50.0,0,9,1,1
Isaac Ukwu,57888,ED,DET,2,0,0,11,53.5,0,1,43,97.9,7.0,3,0,1.2,0,48,47,1,0,58.8,0,1,20,100.0,15.0,3,2.5,0,22,22,1
Jamin Davis,57905,ED,WAS,5,0,0,32,49.8,0,1,37,84.1,2.7,1,0,1.4,0,44,37,1,0,49.2,0,0,12,75.0,0.0,0,0.0,0,16,12,0
Josh Paschal,57908,ED,DET,7,0,0,11,54.4,2,9,162,96.8,5.6,9,1,4.6,2,188,182,13,0,57.4,2,5,79,100.0,8.9,7,5.7,1,89,89,8
Patrick Queen,57941,LB,PIT,9,1,1,25,75.3,3,2,29,9.2,17.2,5,1,8.6,0,357,33,5,1,68.4,1,2,16,10.5,18.8,3,9.4,0,181,19,3
K'Lavon Chaisson,57945,ED,LV,7,0,0,23,66.3,2,8,123,89.5,15.4,19,3,4.9,1,143,128,11,0,57.1,2,5,59,88.4,10.2,6,5.9,0,69,61,7
J.J. Russell,57958,LB,TB,6,0,0,30,50.5,0,0,4,10.0,0.0,0,1,0.0,0,40,4,0,0,52.7,0,0,3,12.0,0.0,0,0.0,0,25,3,0
Willie Gay,57987,LB,NO,9,0,0,20,50.2,0,2,21,18.3,4.8,1,0,9.5,1,115,21,3,0,58.2,0,0,7,16.3,14.3,1,0.0,0,43,7,0
Jeremiah Owusu-Koramoah,58089,LB,CLV,8,1,0,8,77.0,1,9,53,21.6,20.8,11,0,15.1,3,264,57,13,0,78.1,0,5,20,20.0,40.0,8,12.5,0,110,22,5
Pete Werner,58093,LB,NO,7,0,0,20,46.9,0,2,23,11.3,4.3,1,0,4.3,0,240,27,2,0,51.9,0,1,10,11.8,10.0,1,5.0,0,110,13,1
Baron Browning,58095,ED,ARZ,6,0,0,1,68.2,0,7,84,86.8,13.1,11,3,4.2,0,106,92,7,0,70.0,0,4,36,90.5,16.7,6,5.6,0,42,38,4
Kenneth Murray Jr.,58099,LB,TEN,9,0,0,31,68.1,1,3,45,15.8,11.1,5,2,8.9,2,304,48,6,0,67.4,0,0,15,14.2,13.3,2,6.7,1,113,16,1
Derrick Barnes,58120,LB,DET,3,1,0,11,57.7,0,1,30,38.0,6.7,2,0,1.7,0,79,30,1,0,57.0,0,1,17,42.5,11.8,2,2.9,0,40,17,1
Devin Lloyd,58238,LB,JAX,9,0,0,15,73.2,1,4,17,6.3,11.8,2,1,20.6,1,288,18,6,0,48.8,0,1,6,6.1,0.0,0,8.3,0,115,7,1
Joe Tryon-Shoyinka,58272,ED,TB,10,1,1,30,55.8,1,17,209,77.3,7.7,16,3,5.3,2,282,218,20,1,63.0,1,11,107,81.8,12.1,13,7.5,2,137,112,14
Michael Carter II,60644,CB,NYJ,8,0,1,22,60.6,0,2,7,6.0,14.3,1,2,14.3,0,134,8,2,0,64.7,0,1,4,6.7,25.0,1,12.5,0,75,5,1
Grant Delpit,60685,S,CLV,8,0,0,8,63.1,1,4,22,8.0,13.6,3,0,11.4,0,288,23,5,0,63.3,0,3,8,6.3,25.0,2,18.8,0,128,8,3
Malcolm Rodriguez,60731,LB,DET,6,0,0,11,52.6,0,0,25,22.2,0.0,0,0,8.0,2,126,28,2,0,59.3,0,0,15,27.6,0.0,0,13.3,2,58,16,2
Isaiah Pola-Mao,60781,S,LV,9,0,0,23,56.9,0,0,12,4.7,0.0,0,0,8.3,1,253,12,1,0,64.0,0,0,5,4.3,0.0,0,20.0,1,116,5,1
Keion White,60998,ED,NE,10,3,0,19,82.6,8,21,247,88.6,14.2,35,3,8.3,6,307,272,35,1,90.0,5,17,124,92.5,19.4,24,12.9,5,147,136,27
Noah Igbinoghene,61155,CB,WAS,10,0,0,32,52.7,0,0,3,1.2,0.0,0,3,0.0,0,252,3,0,0,53.1,0,0,2,1.7,0.0,0,0.0,0,121,2,0
Dominique Robinson,61436,ED,CHI,2,0,0,6,67.9,1,1,15,100.0,20.0,3,0,6.7,0,16,16,2,0,67.1,0,1,8,100.0,25.0,2,6.3,0,8,8,1
Daiyan Henley,61500,LB,LAC,9,0,0,27,54.8,1,4,26,9.0,0.0,0,1,13.5,1,324,29,6,0,60.9,1,3,15,11.1,0.0,0,20.0,1,153,17,5
Tariq Woolen,61790,CB,SEA,7,0,0,29,67.7,0,1,2,0.8,50.0,1,4,25.0,0,260,2,1,0,,0,0,0,0.0,,0,,0,103,0,0
Christian Elliss,61853,LB,NE,8,0,0,19,75.7,1,2,21,21.0,19.0,4,2,16.7,2,119,25,5,0,77.5,0,1,15,32.7,20.0,3,16.7,2,55,18,3
Charles Snowden,62775,ED,LV,9,1,0,23,58.5,4,6,49,56.7,8.2,4,2,14.3,2,90,51,12,0,48.5,2,3,15,47.1,6.7,1,23.3,1,34,16,6
Theo Jackson,62919,S,MIN,2,0,0,18,57.3,0,0,3,15.8,0.0,0,0,0.0,0,19,3,0,0,59.1,0,0,1,12.5,0.0,0,0.0,0,8,1,0
Matthew Butler,62931,DI,LV,4,0,0,23,59.1,0,0,31,97.1,6.5,2,1,0.0,0,35,34,0,0,64.2,0,0,10,100.0,10.0,1,0.0,0,12,12,0
Jack Cochrane,63345,LB,KC,2,0,0,16,57.1,0,0,2,40.0,0.0,0,0,0.0,0,5,2,0,0,,0,0,0,,,0,,0,0,0,0
Winston Reid,63354,LB,CLV,3,1,0,8,63.1,0,2,4,22.7,25.0,1,0,50.0,1,22,5,3,0,,0,0,0,0.0,,0,,0,3,0,0
John Ridgeway,66694,DI,NO,7,0,0,20,65.0,0,5,55,100.0,9.1,5,0,4.5,0,58,58,5,0,70.5,0,3,21,100.0,19.0,4,7.1,0,21,21,3
Zyon McCollum,66769,CB,TB,10,0,0,30,73.2,0,1,2,0.5,0.0,0,3,25.0,0,419,2,1,0,,0,0,0,0.0,,0,,0,208,0,0
Kobie Turner,66894,DI,LA,9,2,2,26,63.2,2,27,262,100.0,10.7,28,3,7.4,5,279,279,34,1,69.5,2,21,123,100.0,15.4,19,13.4,5,136,136,28
Zach Sieler,66917,DI,MIA,7,1,0,17,65.7,2,17,188,99.0,10.1,19,0,6.1,2,198,196,21,1,72.9,1,14,102,98.1,16.7,17,9.3,2,107,105,17
Dennis Gardeck,66928,ED,ARZ,7,1,0,1,68.2,2,7,95,76.8,11.6,11,1,7.9,3,125,96,12,0,78.0,2,6,55,86.2,18.2,10,12.7,3,65,56,11
Trent McDuffie,72191,CB,KC,9,0,3,16,84.4,3,0,11,3.1,9.1,1,7,13.6,0,360,11,3,0,67.8,1,0,5,3.2,0.0,0,10.0,0,156,5,1
Jonah Laulu,75763,DI,LV,6,0,0,23,49.5,0,3,47,98.1,2.1,1,0,3.2,0,52,51,3,0,49.5,0,1,21,100.0,0.0,0,2.4,0,23,23,1
Chad Muma,75818,LB,JAX,7,0,0,15,51.2,0,0,11,8.2,0.0,0,0,9.1,1,134,11,1,0,53.9,0,0,5,11.6,0.0,0,20.0,1,43,5,1
Andre Cisco,76641,S,JAX,10,0,0,15,53.9,0,0,3,1.0,0.0,0,1,0.0,0,410,4,0,0,,0,0,0,0.0,,0,,0,173,0,0
Juanyeh Thomas,76655,S,DAL,6,0,0,9,56.3,0,0,2,18.2,0.0,0,0,0.0,0,11,2,0,0,56.3,0,0,2,28.6,0.0,0,0.0,0,7,2,0
Chamarri Conner,76662,S,KC,9,0,0,16,65.3,1,1,18,7.6,5.6,1,1,11.1,1,251,19,3,0,73.8,0,1,7,7.0,14.3,1,21.4,1,115,8,2
DeMarvion Overshown,76729,LB,DAL,9,0,0,9,67.8,1,6,38,15.0,13.2,5,0,19.7,4,253,38,11,0,61.9,1,3,17,15.9,5.9,1,23.5,2,107,17,6
Xavier Thomas,76807,ED,ARZ,7,0,0,1,54.0,0,2,71,83.9,5.6,4,0,5.6,3,87,73,5,0,57.9,0,2,41,85.7,7.3,3,9.8,3,49,42,5
KJ Henry,76808,ED,DAL,4,0,0,9,65.5,0,1,26,96.6,3.8,1,0,5.8,1,29,28,2,0,70.5,0,1,10,90.9,10.0,1,15.0,1,11,10,2
Tyler Lacy,76836,DI,JAX,8,0,1,15,53.0,1,5,96,100.0,4.2,4,1,3.1,0,103,103,6,0,58.1,1,3,35,100.0,5.7,2,5.7,0,37,37,4
Ochaun Mathis,76838,ED,NE,2,0,0,19,52.6,0,0,6,87.5,0.0,0,0,0.0,0,8,7,0,0,54.8,0,0,4,100.0,0.0,0,0.0,0,4,4,0
Will McDonald IV,76842,ED,NYJ,10,1,0,22,72.3,6,24,217,97.2,12.4,27,2,10.6,8,246,239,38,1,69.6,2,17,123,98.6,14.6,18,11.0,4,138,136,23
Desjuan Johnson,76850,DI,LA,3,0,0,26,57.9,0,0,12,100.0,8.3,1,0,0.0,0,12,12,0,0,54.2,0,0,5,100.0,0.0,0,0.0,0,5,5,0
Jalen Redmond,76861,DI,MIN,5,0,0,18,63.2,0,1,30,100.0,6.7,2,0,5.0,1,32,32,2,0,73.2,0,1,8,100.0,12.5,1,18.8,1,9,9,2
Nesta Jade Silvera,76888,DI,LV,6,0,0,23,55.7,0,0,29,100.0,3.4,1,0,0.0,0,29,29,0,0,54.8,0,0,5,100.0,0.0,0,0.0,0,5,5,0
Greg Rousseau,76889,ED,BUF,10,2,0,4,87.9,12,23,275,95.0,18.5,51,1,8.5,6,300,285,41,1,90.3,9,15,121,96.2,24.0,29,14.0,5,132,127,29
Travis Jones,76914,DI,BLT,9,0,0,3,68.6,3,14,221,99.2,10.9,24,0,4.3,1,242,240,18,0,73.3,3,12,122,100.0,15.6,19,7.0,1,136,136,16
Logan Hall,76919,DI,TB,9,1,0,30,60.0,4,6,192,97.6,7.3,14,0,4.2,3,207,202,13,0,62.1,1,2,95,98.0,8.4,8,4.7,3,102,100,6
Moro Ojomo,76927,DI,PHI,9,0,1,24,71.3,1,13,133,100.0,15.0,20,4,5.3,0,138,138,14,0,74.4,1,10,71,100.0,19.7,14,7.7,0,76,76,11
Keondre Coburn,76928,DI,TEN,7,0,0,31,53.3,0,1,28,100.0,3.6,1,1,1.8,0,29,29,1,0,55.9,0,0,4,100.0,0.0,0,0.0,0,4,4,0
Dante Stills,76937,DI,ARZ,9,1,0,1,51.7,2,7,172,100.0,4.7,8,1,4.9,4,181,181,13,1,49.3,1,6,72,100.0,6.9,5,7.6,2,76,76,9
Karl Brooks,76941,DI,GB,9,0,0,12,59.8,2,8,146,98.0,8.9,13,0,4.8,2,153,150,12,0,60.6,2,5,76,98.7,10.5,8,7.2,2,79,78,9
Braden Fiske,76958,DI,LA,9,0,1,26,63.9,1,23,196,99.1,8.7,17,3,7.7,3,214,212,27,0,70.6,1,19,107,100.0,12.1,13,12.1,3,121,121,23
Alim McNeill,76996,DI,DET,9,1,0,11,76.4,2,25,275,99.0,14.2,39,0,6.4,4,302,299,31,1,78.1,0,16,134,100.0,16.4,22,8.2,3,148,148,19
Amari Gainer,77091,ED,LV,1,0,0,23,55.6,0,0,2,75.0,0.0,0,0,0.0,0,4,3,0,0,58.3,0,0,0,100.0,,0,,0,1,1,0
Yasir Abdullah,77100,LB,JAX,8,0,0,15,55.5,0,6,52,70.4,5.8,3,0,5.8,0,81,57,6,0,60.5,0,5,33,95.0,9.1,3,7.6,0,40,38,5
Payton Wilson,77127,LB,PIT,9,0,0,25,75.7,2,0,11,7.5,27.3,3,0,9.1,0,159,12,2,0,78.9,1,0,5,5.7,40.0,2,10.0,0,87,5,1
Zaven Collins,77190,ED,ARZ,10,0,0,1,53.9,0,12,173,80.8,9.8,17,4,5.8,4,219,177,16,0,60.0,0,6,91,86.9,14.3,13,7.7,4,107,93,10
Brian Asamoah II,77195,LB,MIN,1,0,0,18,61.9,0,0,7,53.8,14.3,1,0,0.0,0,13,7,0,0,54.4,0,0,3,75.0,0.0,0,0.0,0,4,3,0
Nik Bonitto,77196,ED,DEN,10,0,1,10,68.8,6,18,197,87.3,12.2,24,2,9.6,7,245,214,31,0,65.6,4,13,96,89.1,14.6,14,13.0,4,119,106,21
Joseph Ossai,77205,ED,CIN,10,0,0,7,58.7,4,9,150,89.2,9.3,14,0,4.3,0,185,165,13,0,55.9,1,7,70,96.3,10.0,7,5.7,0,81,78,8
Chase Brown,77787,HB,CIN,1,0,0,7,60.0,0,0,1,100.0,0.0,0,0,0.0,0,1,1,0,0,,0,0,0,,,0,,0,0,0,0
Tre'von Moehrig,77847,S,LV,9,1,0,23,65.9,1,2,23,7.1,8.7,2,1,10.9,1,336,24,4,0,74.8,1,0,4,3.2,25.0,1,12.5,0,157,5,1
Ar'Darius Washington,77848,S,BLT,10,0,0,3,50.8,1,1,13,6.9,7.7,1,0,15.4,1,231,16,3,0,47.6,1,1,9,8.9,0.0,0,22.2,1,135,12,3
Cobie Durant,79126,CB,LA,9,0,0,26,94.1,1,0,3,1.0,33.3,1,0,50.0,1,295,3,2,0,93.7,0,0,1,0.7,0.0,0,100.0,1,135,1,1
Christian Benford,79181,CB,BUF,9,0,1,4,54.7,0,1,2,0.6,0.0,0,4,25.0,0,352,2,1,0,56.2,0,1,1,0.7,0.0,0,50.0,0,146,1,1
Nick Hampton,81162,ED,LA,1,1,0,26,67.3,0,1,1,100.0,0.0,0,0,50.0,0,1,1,1,0,,0,0,0,,,0,,0,0,0,0
Micah McFadden,81246,LB,NYG,9,0,0,21,74.2,2,3,24,12.9,12.5,3,0,22.9,3,194,25,8,0,53.2,0,3,9,15.3,22.2,2,16.7,0,59,9,3
Damone Clark,81282,LB,DAL,7,0,0,9,72.2,0,0,3,4.7,33.3,1,0,33.3,1,64,3,1,0,74.9,0,0,2,8.0,50.0,1,50.0,1,25,2,1
Nick Bolton,81322,LB,KC,9,0,0,16,47.2,2,3,46,15.6,0.0,0,0,7.6,1,326,51,6,0,50.2,1,3,25,19.3,0.0,0,12.0,1,140,27,5
Dylan Horton,81335,ED,HST,6,0,0,13,47.9,2,1,49,98.0,4.1,2,0,3.1,0,51,50,3,0,48.1,1,0,19,95.0,0.0,0,2.6,0,20,19,1
Micah Parsons,81360,ED,DAL,5,1,0,9,90.4,5,18,132,97.3,20.5,27,1,11.0,3,147,143,26,0,90.7,4,5,56,96.8,28.6,16,13.4,3,63,61,12
Jesse Luketa,81361,ED,ARZ,6,0,0,1,56.4,1,4,65,78.6,4.6,3,0,6.9,2,84,66,7,0,59.8,1,3,37,86.0,5.4,2,10.8,2,43,37,6
Ernest Jones,81399,LB,SEA,8,1,0,29,60.5,1,5,46,17.4,10.9,5,0,6.5,0,276,48,6,1,59.1,0,2,14,15.0,14.3,2,7.1,0,100,15,2
Azeez Ojulari,81959,ED,NYG,10,0,0,21,55.1,3,12,183,96.9,8.7,16,1,7.9,7,195,189,22,0,61.2,2,7,82,98.8,14.6,12,11.6,5,86,85,14
Odafe Oweh,82161,ED,BLT,10,0,0,3,72.4,10,12,267,93.3,14.2,38,5,6.0,5,315,294,27,0,74.1,8,9,140,94.7,18.6,26,8.2,3,170,161,20
Thomas Booker IV,82168,DI,PHI,8,1,0,24,61.4,0,2,42,100.0,7.1,3,0,2.4,0,44,44,2,1,71.6,0,1,11,100.0,18.2,2,4.5,0,12,12,1
Teair Tart,82261,DI,LAC,9,1,0,27,68.9,2,5,82,100.0,9.8,8,1,4.3,0,87,87,7,1,62.9,0,3,33,100.0,12.1,4,4.5,0,36,36,3
Devonte Wyatt,82268,DI,GB,6,0,0,12,61.3,1,8,108,99.1,9.3,10,1,6.9,3,113,112,12,0,64.4,1,4,58,100.0,10.3,6,6.0,1,60,60,6
Aidan Hutchinson,82330,ED,DET,5,0,0,11,95.0,8,29,180,97.5,38.3,69,1,14.7,8,203,198,45,0,95.5,6,17,91,95.2,49.5,45,21.4,8,104,99,31
Eku Leota,82363,ED,PIT,3,0,0,25,53.2,0,0,22,81.3,0.0,0,0,4.5,1,32,26,1,0,57.4,0,0,10,85.7,0.0,0,10.0,1,14,12,1
Branson Deen,82372,DI,BUF,1,0,0,4,55.8,0,0,5,100.0,0.0,0,0,0.0,0,5,5,0,0,60.0,0,0,1,100.0,0.0,0,0.0,0,1,1,0
Cameron Thomas,82387,ED,KC,2,0,0,16,56.2,0,0,3,100.0,0.0,0,0,0.0,0,3,3,0,0,59.1,0,0,1,100.0,0.0,0,0.0,0,1,1,0
Kingsley Enagbare,82409,ED,GB,9,0,1,12,60.4,2,6,129,94.4,7.0,9,3,4.7,2,142,134,10,0,69.4,0,5,64,94.3,10.9,7,7.0,2,70,66,7
Bobby Brown III,82429,DI,LA,9,0,0,26,50.9,1,1,111,100.0,2.7,3,1,0.9,0,114,114,2,0,55.5,0,0,19,100.0,5.3,1,0.0,0,20,20,0
Tyree Wilson,82432,ED,LV,8,0,1,23,59.1,4,8,135,96.7,11.1,15,1,5.2,1,151,146,13,0,58.6,1,3,62,97.1,12.9,8,4.8,1,70,68,5
Otito Ogbonnia,82450,DI,LAC,9,0,0,27,48.8,1,8,145,99.3,3.4,5,2,3.1,0,152,151,9,0,51.0,1,4,49,100.0,4.1,2,5.1,0,53,53,5
Taki Taimani,82468,DI,MIN,7,0,0,18,48.7,0,0,42,100.0,0.0,0,0,0.0,0,44,44,0,0,51.7,0,0,15,100.0,0.0,0,0.0,0,16,16,0
Brennan Jackson,82474,ED,LA,2,0,0,26,56.5,0,0,4,80.0,0.0,0,0,0.0,0,5,4,0,0,58.8,0,0,1,100.0,0.0,0,0.0,0,1,1,0
Scott Matlock,82482,DI,LAC,9,1,0,27,66.0,0,4,48,100.0,8.3,4,1,6.3,1,50,50,5,1,75.7,0,4,17,100.0,23.5,4,11.8,0,19,19,4
Cameron Young,82499,DI,SEA,1,0,0,29,60.0,0,0,1,100.0,0.0,0,0,0.0,0,1,1,0,0,,0,0,0,,,0,,0,0,0,0
Tommy Togiai,82501,DI,HST,1,1,0,13,72.8,0,1,13,100.0,7.7,1,0,3.8,0,14,14,1,0,55.4,0,0,3,100.0,0.0,0,0.0,0,4,4,0
Quay Walker,82547,LB,GB,8,0,0,12,62.1,0,4,35,13.4,11.4,4,0,11.4,2,283,38,6,0,65.0,0,3,17,12.9,11.8,2,14.7,1,140,18,4
Jack Sanborn,82566,LB,CHI,9,1,0,6,81.8,2,1,11,27.9,18.2,2,0,22.7,1,43,12,4,0,69.4,2,0,4,25.0,0.0,0,50.0,1,16,4,3
Pat Surtain II,83119,CB,DEN,9,0,1,10,60.0,0,1,1,0.3,0.0,0,8,50.0,0,319,1,1,0,60.0,0,1,1,0.7,0.0,0,50.0,0,148,1,1
Jamien Sherwood,83175,LB,NYJ,10,0,0,22,69.2,0,5,28,8.8,7.1,2,1,16.1,2,329,29,7,0,58.1,0,4,16,10.6,6.3,1,18.8,1,161,17,5
Roger McCreary,83176,CB,TEN,9,0,0,31,62.9,1,0,19,7.3,10.5,2,1,7.9,1,261,19,2,0,64.0,0,0,7,6.2,14.3,1,14.3,1,113,7,1
Quan Martin,83236,S,WAS,10,0,0,32,54.2,0,0,3,1.3,0.0,0,0,0.0,0,319,4,0,0,55.4,0,0,1,1.4,0.0,0,0.0,0,139,2,0
Kerby Joseph,83239,S,DET,9,0,0,11,39.9,1,0,3,0.7,0.0,0,0,16.7,0,421,3,1,0,39.3,1,0,2,1.0,0.0,0,25.0,0,204,2,1
Kaevon Merriweather,83257,S,TB,6,0,1,30,58.4,0,0,1,2.6,0.0,0,1,0.0,0,39,1,0,0,58.4,0,0,1,4.0,0.0,0,0.0,0,25,1,0
Riley Moss,83259,CB,DEN,10,0,1,10,79.0,0,3,4,1.0,50.0,2,5,37.5,0,410,4,3,0,80.5,0,3,3,1.6,66.7,2,50.0,0,185,3,3
Percy Butler,83271,S,WAS,10,0,0,32,58.3,0,1,2,1.4,0.0,0,0,25.0,0,138,2,1,0,,0,1,0,0.0,,0,,0,62,0,1
Jordan Howden,83305,S,NO,10,0,0,20,55.0,0,1,11,4.9,9.1,1,0,4.5,0,263,13,1,0,54.4,0,0,2,2.3,0.0,0,0.0,0,128,3,0
Keidron Smith,83310,S,DEN,2,0,0,10,59.1,0,0,1,12.5,0.0,0,1,0.0,0,8,1,0,0,,0,0,0,0.0,,0,,0,2,0,0
Greg Newsome II,83341,CB,CLV,9,0,0,8,44.6,0,2,9,4.1,0.0,0,2,11.1,0,271,11,2,0,51.9,0,2,2,2.3,0.0,0,50.0,0,133,3,2
Christian Izien,83360,S,TB,9,0,0,30,57.9,0,4,17,6.0,17.6,3,1,11.8,0,299,18,4,0,67.4,0,1,5,3.2,20.0,1,10.0,0,156,5,1
Jaycee Horn,83375,CB,CAR,10,0,1,5,53.9,0,1,4,1.1,0.0,0,5,12.5,0,360,4,1,0,60.0,0,1,1,0.7,0.0,0,50.0,0,151,1,1
Israel Mukuamu,83377,CB,DAL,7,0,0,9,49.9,1,1,6,15.4,16.7,1,0,16.7,0,39,6,2,0,52.1,1,0,4,20.0,0.0,0,12.5,0,20,4,1
Kyler Gordon,83451,CB,CHI,7,0,0,6,48.0,0,6,26,13.0,11.5,3,0,15.4,1,207,27,7,0,44.0,0,4,9,8.7,11.1,1,22.2,0,104,9,4
Beanie Bishop Jr.,83459,CB,PIT,9,0,0,25,61.3,0,1,7,2.9,14.3,1,2,21.4,1,273,8,2,0,59.1,0,0,1,0.6,0.0,0,0.0,0,158,1,0
Alontae Taylor,83469,CB,NO,10,0,0,20,71.3,1,3,25,7.3,8.0,2,5,28.0,5,381,28,9,0,68.8,0,3,15,9.6,13.3,2,30.0,3,187,18,6
Myles Cole,83500,ED,JAX,3,0,0,15,50.0,0,0,19,90.5,0.0,0,1,0.0,0,21,19,0,0,53.6,0,0,5,100.0,0.0,0,0.0,0,5,5,0
Javontae Jean-Baptiste,83514,ED,WAS,6,0,0,32,50.1,1,1,66,100.0,4.5,3,0,3.0,1,69,69,3,0,54.4,1,1,24,100.0,8.3,2,4.2,0,24,24,2
Tyler Allgeier,83639,HB,ATL,1,0,0,2,60.0,0,0,1,100.0,0.0,0,0,0.0,0,1,1,0,0,,0,0,0,,,0,,0,0,0,0
Chris Rodriguez Jr.,83689,HB,WAS,1,0,0,32,60.0,0,0,1,100.0,0.0,0,0,0.0,0,1,1,0,0,,0,0,0,,,0,,0,0,0,0
Amari Burney,83811,LB,LV,2,0,0,23,68.4,0,1,3,20.0,33.3,1,0,16.7,0,15,3,1,0,70.9,0,1,2,22.2,50.0,1,25.0,0,9,2,1
Jevon Holland,83873,S,MIA,7,0,0,17,55.6,0,1,13,6.5,0.0,0,0,11.5,1,199,13,2,0,61.6,0,1,6,6.0,0.0,0,25.0,1,100,6,2
Lucas Krull,83962,TE,DEN,1,0,0,10,60.0,0,0,1,100.0,0.0,0,0,0.0,0,1,1,0,0,,0,0,0,,,0,,0,0,0,0
Josh Newton,84268,CB,CIN,7,0,0,7,54.5,0,0,2,3.4,0.0,0,1,0.0,0,59,2,0,0,54.5,0,0,2,6.3,0.0,0,0.0,0,32,2,0
Markees Watts,84537,ED,TB,3,0,0,30,60.9,0,1,7,77.8,14.3,1,0,7.1,0,9,7,1,0,63.4,0,1,5,100.0,20.0,1,10.0,0,5,5,1
Darius Muasau,86008,LB,NYG,6,0,0,21,56.3,0,0,3,8.1,0.0,0,0,0.0,0,37,3,0,0,,0,0,0,0.0,,0,,0,10,0,0
Chris Williams,87178,DI,CHI,9,0,0,6,66.9,1,4,87,98.9,9.2,8,1,5.2,2,90,89,7,0,67.0,1,3,46,100.0,8.7,4,8.7,2,47,47,6
Nate Adkins,87625,TE,DEN,1,0,0,10,60.0,0,0,1,100.0,0.0,0,1,0.0,0,1,1,0,0,,0,0,0,,,0,,0,0,0,0
Khristian Boyd,88444,DI,NO,6,0,0,20,54.4,0,2,36,100.0,2.8,1,0,2.8,0,36,36,2,0,58.7,0,1,13,100.0,7.7,1,3.8,0,13,13,1
Kyle Dugger,90621,S,NE,6,1,0,19,67.7,0,2,21,10.3,9.5,2,1,9.5,1,204,21,3,1,67.4,0,2,7,7.7,0.0,0,28.6,1,91,7,3
Daniel Hardy,91336,ED,CHI,3,0,0,6,51.6,0,1,8,100.0,0.0,0,0,6.3,0,8,8,1,0,52.0,0,1,7,100.0,0.0,0,7.1,0,7,7,1
E.J. Speed,94351,LB,IND,9,1,0,14,55.0,1,6,33,9.9,6.1,2,1,10.6,0,354,35,7,0,55.2,0,4,16,11.5,12.5,2,12.5,0,157,18,4
Jonathan Harris,94361,DI,CAR,2,0,0,5,60.0,1,0,19,100.0,10.5,2,0,2.6,0,19,19,1,0,56.8,0,0,12,100.0,8.3,1,0.0,0,12,12,0
Jordan Davis,94854,DI,PHI,9,2,0,24,67.3,0,4,116,100.0,7.8,9,0,2.6,1,123,123,5,0,58.8,0,1,21,100.0,9.5,2,2.4,0,24,24,1
Mike Sainristil,97180,CB,WAS,10,0,0,32,51.8,0,0,5,1.6,0.0,0,1,0.0,0,319,5,0,0,54.1,0,0,2,1.4,0.0,0,0.0,0,142,2,0
Reddy Steward,97289,CB,CHI,1,0,0,6,65.6,0,0,1,9.1,100.0,1,0,0.0,0,11,1,0,0,65.6,0,0,1,14.3,100.0,1,0.0,0,7,1,0
Dell Pettus,97290,S,NE,7,0,0,19,64.8,0,0,4,4.3,0.0,0,1,25.0,1,116,5,1,0,58.3,0,0,1,1.9,0.0,0,0.0,0,53,1,0
Thomas Harper,97325,S,LV,5,0,0,23,58.3,0,0,1,3.7,0.0,0,0,0.0,0,27,1,0,0,,0,0,0,0.0,,0,,0,18,0,0
Cameron Mitchell,97340,CB,CLV,9,0,0,8,52.0,0,0,4,5.0,0.0,0,1,0.0,0,100,5,0,0,,0,0,0,0.0,,0,,0,46,0,0
Dadrion Taylor-Demerson,97348,S,ARZ,7,0,0,1,58.7,0,0,1,2.8,0.0,0,0,0.0,0,72,2,0,0,,0,0,0,0.0,,0,,0,34,0,0
Christian Roland-Wallace,97374,CB,KC,4,0,1,16,68.6,2,2,9,14.3,11.1,1,1,22.2,0,63,9,4,0,67.1,1,1,4,11.8,25.0,1,25.0,0,34,4,2
Jarrian Jones,97486,CB,JAX,10,0,0,15,51.9,0,0,4,1.7,0.0,0,0,0.0,0,242,4,0,0,59.0,0,0,1,0.8,0.0,0,0.0,0,133,1,0
Nick Cross,97514,S,IND,10,0,0,14,49.9,0,1,10,2.6,0.0,0,2,5.0,0,391,10,1,0,53.5,0,0,4,2.4,0.0,0,0.0,0,168,4,0
Dax Hill,97519,CB,CIN,5,0,0,7,81.8,0,0,2,1.4,0.0,0,1,50.0,1,142,2,1,0,84.4,0,0,0,0.0,,0,,1,60,0,1
Drake Thomas,97525,LB,SEA,2,0,0,29,59.1,0,0,1,4.8,0.0,0,0,0.0,0,21,1,0,0,,0,0,0,0.0,,0,,0,4,0,0
Elijah Chatman,97568,DI,NYG,10,0,0,21,60.9,1,10,111,98.3,12.6,14,0,5.9,1,116,114,12,0,60.3,1,9,75,98.7,13.3,10,8.0,1,79,78,11
Tyler Davis,97610,DI,LA,8,0,0,26,63.7,0,1,40,100.0,2.5,1,0,3.8,1,43,43,2,0,60.6,0,0,9,100.0,0.0,0,11.1,1,11,11,1
Josh Wallace,97676,CB,LA,7,0,0,26,55.6,0,0,3,4.8,0.0,0,0,0.0,0,62,3,0,0,,0,0,0,0.0,,0,,0,29,0,0
Dorian Williams,97694,LB,BUF,10,0,0,4,67.6,1,4,25,10.1,12.0,3,0,10.0,0,257,26,5,0,75.3,0,3,13,18.1,23.1,3,11.5,0,72,13,3
Ronnie Hickman Jr.,97702,S,CLV,6,0,0,8,56.4,0,0,2,1.8,0.0,0,0,0.0,0,111,2,0,0,,0,0,0,0.0,,0,,0,42,0,0
Mohamed Kamara,97731,ED,MIA,2,0,0,17,73.3,1,1,9,76.9,33.3,3,0,11.1,0,13,10,2,0,55.6,0,0,2,100.0,0.0,0,0.0,0,3,3,0
Javon Solomon,97821,ED,BUF,6,0,0,4,90.7,2,0,29,96.8,10.3,3,0,10.3,2,31,30,4,0,91.1,1,0,18,95.0,11.1,2,13.9,2,20,19,3
Tyler Nubin,97895,S,NYG,10,0,0,21,64.1,0,1,6,2.0,16.7,1,0,8.3,0,350,7,1,0,,0,0,0,0.0,,0,,0,148,0,0
Adetomiwa Adebawore,97934,DI,IND,10,0,0,14,63.8,1,1,74,100.0,6.8,5,1,2.7,1,75,75,3,0,68.2,1,1,27,100.0,7.4,2,7.4,1,28,28,3
Levelle Bailey,97956,LB,DEN,1,0,0,10,60.0,0,0,1,100.0,0.0,0,0,0.0,0,1,1,0,0,,0,0,0,,,0,,0,0,0,0
Derick Hall,98130,ED,SEA,9,0,0,29,69.8,7,14,205,89.5,8.3,17,2,7.6,5,237,212,26,0,78.2,3,10,91,95.1,14.3,13,9.3,2,102,97,15
Jordan Magee,98155,LB,WAS,1,0,0,32,60.0,0,0,1,100.0,0.0,0,0,0.0,0,1,1,0,0,,0,0,0,,,0,,0,0,0,0
DeWayne Carter,98175,DI,BUF,7,1,0,4,52.4,2,3,89,98.9,2.2,2,0,2.8,0,93,92,5,0,56.0,1,2,25,100.0,8.0,2,6.0,0,27,27,3
Colby Wooden,98312,DI,GB,5,1,0,12,65.2,1,3,56,100.0,10.7,6,0,5.4,1,58,58,5,1,71.6,0,2,20,100.0,15.0,3,10.0,1,22,22,3
Alex Wright,98318,ED,CLV,4,0,0,8,67.2,0,2,57,92.4,12.3,7,2,3.5,1,66,61,3,0,75.8,0,2,28,97.0,21.4,6,7.1,1,33,32,3
George Karlaftis,98319,ED,KC,9,2,0,16,67.0,9,17,268,95.7,10.4,28,0,6.3,4,305,292,30,1,72.5,5,12,119,95.6,14.3,17,8.8,2,135,129,19
Marshawn Kneeland,98344,ED,DAL,5,0,0,9,54.8,4,2,66,97.1,4.5,3,0,4.5,0,70,68,6,0,59.7,3,0,33,100.0,6.1,2,4.5,0,35,35,3
Kayvon Thibodeaux,98444,ED,NYG,5,0,1,21,62.3,4,10,149,98.8,14.1,21,2,6.0,2,164,162,16,0,61.6,2,8,67,98.6,17.9,12,10.4,2,73,72,12
Eric Watts,98459,ED,NYJ,7,0,0,22,46.8,0,0,36,100.0,0.0,0,0,0.0,0,38,38,0,0,49.1,0,0,15,100.0,0.0,0,0.0,0,15,15,0
Zach Harrison,98503,DI,ATL,10,0,0,2,52.8,0,4,78,100.0,2.6,2,1,2.6,0,80,80,4,0,52.1,0,2,29,100.0,0.0,0,3.4,0,30,30,2
Anfernee Orji,98568,LB,NO,5,0,0,20,48.1,0,2,8,14.5,12.5,1,0,12.5,0,55,8,2,0,48.4,0,2,6,27.3,16.7,1,16.7,0,22,6,2
Mohamoud Diabate,98780,LB,CLV,5,0,0,8,66.6,0,4,16,15.2,18.8,3,1,18.8,1,105,16,5,0,61.3,0,2,5,10.0,20.0,1,20.0,0,50,5,2
Jay Ward,98833,S,MIN,2,0,0,18,54.5,1,0,4,33.3,0.0,0,0,12.5,0,12,4,1,0,59.1,0,0,1,20.0,0.0,0,0.0,0,5,1,0
Cor'Dale Flott,98834,CB,NYG,9,0,0,21,52.1,0,0,3,1.3,0.0,0,1,0.0,0,228,3,0,0,59.5,0,0,1,1.3,0.0,0,0.0,0,78,1,0
Cam Smith,98837,CB,MIA,3,0,0,17,60.0,0,0,1,1.3,0.0,0,2,0.0,0,78,1,0,0,,0,0,0,0.0,,0,,0,41,0,0
Jaylen McCollough,98845,S,LA,7,0,1,26,68.5,0,0,5,5.4,20.0,1,1,0.0,0,92,5,0,0,54.3,0,0,3,4.7,0.0,0,0.0,0,64,3,0
Demani Richardson,98852,S,CAR,2,0,0,5,56.0,0,1,3,3.8,33.3,1,1,16.7,0,80,3,1,0,59.2,0,0,1,3.2,0.0,0,0.0,0,31,1,0
Jordan Battle,98857,S,CIN,8,0,0,7,51.7,1,0,5,6.7,0.0,0,0,10.0,0,75,5,1,0,56.8,1,0,1,3.3,0.0,0,50.0,0,30,1,1
AJ Finley,98887,S,LAC,4,0,0,27,59.1,0,0,1,2.7,0.0,0,0,0.0,0,37,1,0,0,,0,0,0,0.0,,0,,0,21,0,0
Zacch Pickens,98911,DI,CHI,3,0,0,6,63.1,0,3,20,100.0,15.0,3,0,7.5,0,22,22,3,0,66.4,0,3,12,100.0,25.0,3,12.5,0,12,12,3
DeMarvin Leal,98919,ED,PIT,5,0,0,25,55.4,1,1,26,93.1,7.7,2,0,3.8,0,29,27,2,0,50.6,0,0,9,100.0,0.0,0,0.0,0,10,10,0
Justin Eboigbe,98925,DI,LAC,1,0,0,27,59.3,0,0,3,100.0,0.0,0,0,0.0,0,3,3,0,0,,0,0,0,,,0,,0,0,0,0
Travon Walker,98940,ED,JAX,10,0,0,15,63.7,4,24,299,97.6,11.0,33,4,7.0,7,334,326,35,0,63.2,2,12,140,100.0,12.1,17,6.4,2,154,154,16
Zion Logue,98944,DI,BUF,2,0,0,4,52.6,0,0,15,100.0,0.0,0,0,0.0,0,16,16,0,0,56.7,0,0,3,100.0,0.0,0,0.0,0,3,3,0
Isaiah McGuire,98948,ED,CLV,8,0,0,8,67.7,0,11,77,94.3,16.9,13,0,8.4,1,88,83,12,0,78.3,0,7,28,93.9,32.1,9,16.1,1,33,31,8
Henry To'oTo'o,98982,LB,HST,8,0,0,13,59.3,0,6,29,12.2,10.3,3,1,10.3,0,255,31,6,0,61.0,0,4,16,16.8,18.8,3,12.5,0,107,18,4
Owen Pappoe,99006,LB,ARZ,8,0,0,1,49.1,0,3,20,26.6,10.0,2,0,7.5,0,79,21,3,0,55.0,0,3,9,18.4,22.2,2,16.7,0,49,9,3
Nolan Smith,99014,ED,PHI,9,1,0,24,69.6,0,8,89,77.6,13.5,12,0,7.9,3,125,97,11,0,69.4,0,4,30,82.1,20.0,6,10.0,1,39,32,5
Jermaine Johnson,99015,ED,NYJ,2,0,0,22,62.3,0,7,42,97.9,16.7,7,2,8.3,0,47,46,7,0,69.5,0,3,21,100.0,23.8,5,7.1,0,23,23,3
Nakobe Dean,99018,LB,PHI,9,0,0,24,71.3,3,2,38,13.3,18.4,7,1,11.8,2,316,42,7,0,71.3,2,1,17,14.6,29.4,5,14.7,1,123,18,4
Tyler Owens,99271,S,WAS,1,0,0,32,60.0,0,0,1,100.0,0.0,0,0,0.0,0,1,1,0,0,,0,0,0,,,0,,0,0,0,0
T'Vondre Sweat,99321,DI,TEN,9,0,0,31,54.9,0,7,170,96.3,4.1,7,1,2.1,0,189,182,7,0,62.9,0,5,58,97.0,8.6,5,4.3,0,67,65,5
Jordan Jefferson,99325,DI,JAX,5,0,0,15,63.5,0,1,28,96.9,7.1,2,1,5.4,1,32,31,2,0,59.1,0,1,12,100.0,8.3,1,4.2,0,13,13,1
Dee Winters,99376,LB,SF,7,0,0,28,51.1,0,0,7,12.5,0.0,0,0,0.0,0,56,7,0,0,59.1,0,0,1,9.1,0.0,0,0.0,0,11,1,0
Tykee Smith,99500,CB,TB,8,0,1,30,67.2,2,2,31,11.7,6.5,2,2,6.5,0,299,35,4,0,61.8,1,2,13,9.1,7.7,1,11.5,0,164,15,3
Garrett Williams,99723,CB,ARZ,9,0,0,1,66.6,0,1,5,1.6,20.0,1,1,10.0,0,311,5,1,0,71.0,0,1,3,2.1,33.3,1,16.7,0,140,3,1
Jarvis Brownlee Jr.,99734,CB,TEN,9,0,1,31,41.8,0,1,2,0.8,0.0,0,6,25.0,0,245,2,1,0,,0,0,0,0.0,,0,,0,86,0,0
SirVocea Dennis,99767,LB,TB,4,0,0,30,51.2,0,0,16,21.0,0.0,0,1,6.3,1,81,17,1,0,47.2,0,0,8,19.0,0.0,0,0.0,0,42,8,0
Ruke Orhorhoro,99768,DI,ATL,4,0,0,2,49.7,1,1,39,97.7,2.6,1,0,2.6,0,44,43,2,0,48.3,1,0,21,100.0,0.0,0,2.4,0,24,24,1
Calijah Kancey,99822,DI,TB,5,0,0,30,64.3,2,5,138,97.3,7.2,10,2,5.4,4,149,145,11,0,64.2,2,1,62,100.0,9.7,6,7.3,3,67,67,6
Laiatu Latu,100551,ED,IND,10,1,0,14,65.7,6,15,211,98.2,13.3,28,1,5.9,2,228,224,23,0,59.4,2,10,98,97.2,14.3,14,6.1,0,108,105,12
Sauce Gardner,100903,CB,NYJ,10,0,1,22,80.6,0,1,3,0.9,0.0,0,7,50.0,1,348,3,2,0,,0,0,0,0.0,,0,,0,174,0,0
Ja'Quan McMillian,100931,CB,DEN,10,0,0,10,65.0,0,5,21,5.9,4.8,1,4,16.7,1,355,21,6,0,74.0,0,5,11,6.2,9.1,1,31.8,1,177,11,6
JL Skinner,101311,S,DEN,1,0,0,10,60.0,0,0,1,100.0,0.0,0,0,0.0,0,1,1,0,0,,0,0,0,,,0,,0,0,0,0
Deonte Banks,101384,CB,NYG,10,0,0,21,76.7,0,0,2,0.6,50.0,1,1,0.0,0,327,2,0,0,,0,0,0,0.0,,0,,0,137,0,0
Devon Witherspoon,101388,CB,SEA,9,0,0,29,64.7,1,2,23,6.6,17.4,4,5,6.5,0,346,23,3,0,68.0,1,1,6,4.2,33.3,2,16.7,0,144,6,2
Dane Belton,101398,S,NYG,8,0,0,21,51.8,0,1,6,6.0,0.0,0,0,8.3,0,100,6,1,0,51.6,0,0,4,7.5,0.0,0,0.0,0,53,4,0
Adisa Isaac,101406,ED,BLT,1,0,0,3,52.5,0,0,8,100.0,0.0,0,0,0.0,0,8,8,0,0,54.4,0,0,4,100.0,0.0,0,0.0,0,4,4,0
Mazi Smith,101419,DI,DAL,9,0,0,9,52.6,0,3,113,100.0,1.8,2,1,1.3,0,120,120,3,0,49.3,0,0,34,100.0,0.0,0,0.0,0,35,35,0
David Ojabo,101420,ED,BLT,8,0,0,3,57.9,3,2,121,91.5,8.3,10,0,2.9,1,141,129,6,0,60.4,2,2,63,90.8,12.7,8,4.8,1,76,69,5
Mike Morris,101421,DI,SEA,6,0,0,29,48.9,0,1,30,100.0,0.0,0,0,1.7,0,32,32,1,0,53.1,0,1,6,100.0,0.0,0,8.3,0,7,7,1
Sam Okuayinonu,101425,ED,SF,8,1,0,28,66.8,3,10,112,98.3,9.8,11,2,8.5,3,121,119,16,0,64.7,2,8,55,100.0,10.9,6,12.7,2,58,58,12
Leo Chenal,101463,LB,KC,9,2,0,16,54.9,0,7,73,54.5,4.1,3,0,6.2,1,143,78,8,1,58.1,0,5,35,71.7,5.7,2,10.0,1,53,38,6
Tommy Eichenberg,101488,LB,LV,4,0,1,23,53.8,0,0,4,10.5,0.0,0,1,0.0,0,38,4,0,0,55.2,0,0,2,15.4,0.0,0,0.0,0,13,2,0
Jack Campbell,101515,LB,DET,9,0,0,11,55.8,0,3,49,16.1,10.2,5,1,5.1,1,323,52,4,0,48.2,0,1,31,24.4,6.5,2,1.6,0,131,32,1
Keeanu Benton,101536,DI,PIT,9,5,0,25,83.7,6,4,181,100.0,11.6,21,1,3.3,1,192,192,11,1,77.1,3,2,77,100.0,13.0,10,3.2,0,80,80,5
Luke McCaffrey,101634,WR,WAS,1,0,0,32,60.0,0,0,1,100.0,0.0,0,0,0.0,0,1,1,0,0,,0,0,0,,,0,,0,0,0,0
Jaquan Brisker,101665,S,CHI,5,0,0,6,70.3,0,0,3,1.8,0.0,0,1,33.3,1,171,3,1,0,,0,0,0,0.0,,0,,0,80,0,0
Jared Verse,101912,ED,LA,9,1,1,26,82.5,10,28,218,91.1,21.1,46,3,11.5,6,259,236,44,1,88.6,6,19,116,98.5,25.9,30,13.4,3,133,131,28
Isaiah Land,102108,ED,IND,8,0,0,14,58.3,1,2,45,98.0,6.7,3,1,3.3,0,49,48,3,0,62.0,1,2,24,96.3,8.3,2,6.3,0,27,26,3
Kyle Hamilton,102684,S,BLT,10,3,0,3,90.0,3,5,36,9.0,8.3,3,2,16.7,2,443,40,10,0,87.0,1,1,16,8.8,18.8,3,18.8,2,226,20,4
Isaiah Foskey,102728,ED,NO,3,0,0,20,50.5,0,0,18,100.0,0.0,0,0,0.0,0,18,18,0,0,52.7,0,0,5,100.0,0.0,0,0.0,0,5,5,0
JD Bertrand,102787,LB,ATL,4,0,0,2,51.0,0,1,5,9.8,0.0,0,1,10.0,0,51,5,1,0,55.0,0,0,2,9.5,0.0,0,0.0,0,21,2,0
Marist Liufau,102789,LB,DAL,9,0,0,9,56.7,0,3,17,25.7,11.8,2,1,8.8,0,70,18,3,0,66.8,0,2,8,32.0,25.0,2,12.5,0,25,8,2
Jarius Monroe,103580,S,NYJ,2,0,0,22,58.3,0,1,1,8.3,0.0,0,0,50.0,0,12,1,1,0,58.3,0,1,1,14.3,0.0,0,50.0,0,7,1,1
Kei'Trel Clark,104163,CB,ARZ,3,0,0,1,77.2,0,0,1,3.4,0.0,0,0,100.0,1,29,1,1,0,59.1,0,0,1,5.0,0.0,0,0.0,0,20,1,0
Jalyx Hunt,105989,ED,PHI,2,1,0,24,76.0,0,0,13,72.2,7.7,1,0,7.7,1,18,13,1,1,83.3,0,0,7,100.0,14.3,1,14.3,1,7,7,1
Chris Smith,106524,DI,DET,2,0,0,11,55.4,0,0,6,100.0,0.0,0,0,0.0,0,6,6,0,0,56.9,0,0,3,100.0,0.0,0,0.0,0,3,3,0
Michael Hoecht,108840,ED,LA,9,1,0,26,63.9,1,8,110,63.9,8.2,9,0,7.7,4,183,117,13,0,67.3,0,3,46,65.8,10.9,5,12.0,4,76,50,7
Dee Alford,110542,CB,ATL,10,0,0,2,54.0,0,0,17,5.4,0.0,0,0,5.9,1,313,17,1,0,61.2,0,0,8,5.1,0.0,0,12.5,1,156,8,1
Jalen Brooks,111284,WR,DAL,1,0,0,9,60.0,0,0,0,100.0,,0,0,,0,1,1,0,0,,0,0,0,,,0,,0,0,0,0
D'Anthony Bell,111578,S,CLV,3,0,0,8,60.0,1,2,7,17.9,0.0,0,0,21.4,0,39,7,3,0,59.1,0,0,1,6.7,0.0,0,0.0,0,15,1,0
Jamie Sheriff,121433,ED,SEA,1,0,0,29,62.6,0,0,8,100.0,12.5,1,0,0.0,0,8,8,0,0,55.3,0,0,3,100.0,0.0,0,0.0,0,3,3,0
Tyrice Knight,122025,LB,SEA,4,0,0,29,66.4,0,2,4,7.0,25.0,1,0,25.0,0,57,4,2,0,67.4,0,1,3,12.5,33.3,1,16.7,0,24,3,1
Bryan Bresee,122142,DI,NO,10,1,0,20,53.7,4,10,267,99.3,4.9,13,1,4.1,4,296,294,18,1,58.0,3,9,137,100.0,7.3,10,6.6,3,149,149,15
Myles Murphy,122154,ED,CIN,6,0,0,7,52.6,1,11,88,89.3,8.0,7,0,6.8,0,103,92,12,0,61.2,1,5,39,97.6,15.4,6,7.7,0,42,41,6
Trenton Simpson,122157,LB,BLT,10,1,0,3,63.4,3,2,38,12.0,5.3,2,1,11.8,2,334,40,7,1,71.2,3,0,17,12.3,5.9,1,20.6,2,155,19,5
Felix Anudike-Uzomah,122582,ED,KC,9,0,1,16,61.0,4,2,107,92.0,9.3,10,1,4.7,2,125,115,8,0,59.6,4,1,48,89.7,10.4,5,9.4,2,58,52,7
Yaya Diaby,122705,ED,TB,10,0,0,30,79.3,6,30,247,85.7,20.6,51,2,8.1,2,300,257,38,0,90.0,5,21,116,84.7,32.8,38,12.9,2,144,122,28
Evan Anderson,123590,DI,SF,4,0,0,28,84.0,0,3,26,100.0,11.5,3,1,9.6,1,29,29,4,0,91.9,0,2,10,100.0,20.0,2,20.0,1,10,10,3
Will Anderson Jr.,123903,ED,HST,9,1,0,13,67.4,4,25,226,98.7,15.9,36,1,10.0,8,239,236,37,0,69.2,3,15,112,100.0,22.3,25,13.4,6,120,120,24
Brian Branch,123907,S,DET,8,0,0,11,89.9,3,1,9,3.7,22.2,2,4,22.2,0,298,11,4,0,54.0,0,0,3,2.1,0.0,0,0.0,0,142,3,0
Chris Braswell,123908,ED,TB,10,0,0,30,58.7,5,4,116,85.1,10.3,12,0,5.6,2,148,126,11,0,58.9,3,3,63,89.3,12.7,8,6.3,1,75,67,7
Jalen Carter,124019,DI,PHI,9,4,1,24,87.7,7,21,263,99.3,14.1,37,3,6.8,4,283,281,32,2,82.2,2,12,108,100.0,19.4,21,9.3,3,118,118,17
Kelee Ringo,124035,CB,PHI,7,0,0,24,58.5,0,0,1,3.1,0.0,0,0,0.0,0,32,1,0,0,,0,0,0,0.0,,0,,0,20,0,0
Andru Phillips,124075,CB,NYG,9,0,0,21,85.2,0,3,8,4.1,25.0,2,1,31.3,1,196,8,4,0,90.4,0,2,2,2.1,50.0,1,50.0,0,95,2,2
Ali Gaye,124095,ED,TEN,6,0,0,31,58.9,0,1,21,95.5,9.5,2,0,2.4,0,22,21,1,0,54.9,0,0,3,100.0,0.0,0,0.0,0,3,3,0
Jaquelin Roy,124111,DI,NE,5,0,0,19,61.4,0,2,47,100.0,6.4,3,1,6.4,2,50,50,4,0,65.0,0,1,8,100.0,12.5,1,18.8,1,8,8,2
Cedric Johnson,124136,ED,CIN,3,0,0,7,47.0,0,0,28,93.8,0.0,0,0,0.0,0,32,30,0,0,48.6,0,0,17,100.0,0.0,0,0.0,0,19,19,0
Tavius Robinson,124147,ED,BLT,10,0,0,3,59.7,6,3,122,94.1,5.7,7,0,7.0,4,136,128,13,0,55.5,3,3,49,93.0,6.1,3,12.2,3,57,53,9
Tyrus Wheat,124191,ED,DAL,7,0,0,9,59.3,0,6,67,98.6,9.0,6,1,6.0,1,72,71,7,0,54.2,0,3,24,100.0,8.3,2,6.3,0,24,24,3
Jaylon Carlies,124196,LB,IND,7,0,0,14,63.8,0,0,9,18.0,0.0,0,0,11.1,1,50,9,1,0,,0,0,0,0.0,,0,,0,7,0,0
Edgerrin Cooper,124311,LB,GB,9,1,0,12,90.4,0,2,23,17.4,13.0,3,1,17.4,3,144,25,5,0,82.6,0,0,14,22.7,14.3,2,21.4,3,66,15,3
McKinnley Jackson,124324,DI,CIN,6,0,0,7,50.1,0,6,52,100.0,3.8,2,0,5.8,0,57,57,6,0,62.7,0,2,16,100.0,12.5,2,6.3,0,16,16,2
Antonio Johnson,124326,S,JAX,10,0,0,15,47.8,1,3,8,2.5,0.0,0,3,25.0,0,320,8,4,0,52.0,0,2,5,3.6,0.0,0,20.0,0,137,5,2
Gervon Dexter Sr.,124374,DI,CHI,9,1,0,6,66.2,9,11,224,98.3,9.8,22,0,6.7,5,239,235,25,1,74.2,7,10,109,99.1,15.6,17,11.5,4,114,113,21
Junior Colson,124827,LB,LAC,5,0,0,27,45.0,0,4,8,11.5,12.5,1,0,25.0,0,78,9,4,0,45.5,0,4,5,17.6,20.0,1,40.0,0,34,6,4
Mekhi Wingo,128050,DI,DET,8,0,0,11,60.1,0,5,82,99.0,8.5,7,0,3.0,0,96,95,5,0,61.5,0,4,39,97.8,10.3,4,5.1,0,45,44,4
Jer'Zhan Newton,129420,DI,WAS,9,0,0,32,62.3,5,5,111,100.0,9.0,10,2,5.4,1,122,122,11,0,65.3,4,2,40,100.0,15.0,6,7.5,0,43,43,6
Lukas Van Ness,129482,ED,GB,9,0,0,12,53.0,1,4,135,96.6,6.7,9,3,2.6,1,146,141,6,0,55.0,0,3,73,97.5,6.8,5,3.4,1,79,77,4
Tarheeb Still,129537,CB,LAC,6,0,0,27,75.7,0,0,2,0.9,0.0,0,0,50.0,1,231,2,1,0,79.5,0,0,1,0.8,0.0,0,100.0,1,120,1,1
Jaylen Harrell,129579,ED,TEN,9,0,0,31,47.9,0,2,73,91.5,2.7,2,0,1.4,0,82,75,2,0,49.7,0,1,23,96.2,4.3,1,2.2,0,26,25,1
Kris Jenkins,129584,DI,CIN,8,0,0,7,56.8,0,3,115,100.0,3.5,4,0,2.2,1,126,126,4,0,62.0,0,3,41,100.0,4.9,2,3.7,0,43,43,3
Braiden McGregor,129586,ED,NYJ,6,0,0,22,56.4,0,3,33,100.0,6.1,2,1,4.5,0,35,35,3,0,61.8,0,2,11,100.0,9.1,1,9.1,0,12,12,2
Ji'Ayir Brown,129767,S,SF,9,0,2,28,50.2,0,1,9,3.0,0.0,0,2,5.6,0,337,10,1,0,56.3,0,0,1,1.2,0.0,0,0.0,0,163,2,0
Curtis Jacobs,129785,LB,NE,2,0,0,19,55.2,0,0,4,44.4,0.0,0,0,0.0,0,9,4,0,0,,0,0,0,0.0,,0,,0,4,0,0
Nick Herbig,129920,ED,PIT,5,0,0,25,90.7,1,4,74,87.8,20.3,15,0,8.8,4,90,79,9,0,90.7,0,3,39,91.3,23.1,9,11.5,3,46,42,6
Byron Murphy II,131252,DI,SEA,6,0,0,29,67.8,0,9,109,100.0,12.8,14,0,5.0,1,114,114,10,0,79.2,0,5,38,100.0,26.3,10,9.2,1,41,41,6
Christian Gonzalez,131679,CB,NE,10,0,2,19,58.5,0,0,1,0.3,0.0,0,3,0.0,0,378,1,0,0,,0,0,0,0.0,,0,,0,171,0,0
Noah Sewell,131722,LB,CHI,1,0,1,6,57.8,0,0,1,100.0,0.0,0,1,0.0,0,1,1,0,0,,0,0,0,,,0,,0,0,0,0
Tuli Tuipulotu,131840,ED,LAC,9,1,0,27,65.3,2,14,212,86.9,13.2,28,1,6.6,6,259,225,22,0,60.9,1,9,112,93.8,15.2,17,8.0,4,130,122,14
Clark Phillips III,131871,CB,ATL,10,0,0,2,55.8,0,0,2,1.7,0.0,0,0,0.0,0,115,2,0,0,60.0,0,0,1,1.6,0.0,0,0.0,0,64,1,0
Chau Smith-Wade,131956,CB,CAR,6,0,0,5,49.6,0,1,7,9.9,0.0,0,3,7.1,0,81,8,1,0,55.7,0,0,2,5.4,0.0,0,0.0,0,37,2,0
Jaylen Watson,131960,CB,KC,6,0,1,16,51.3,0,0,4,2.2,0.0,0,2,0.0,0,226,5,0,0,54.6,0,0,2,2.0,0.0,0,0.0,0,100,2,0
Malik Mustapha,142358,S,SF,8,0,0,28,60.0,0,0,1,0.5,0.0,0,0,0.0,0,208,1,0,0,,0,0,0,0.0,,0,,0,100,0,0
Leonard Taylor III,143953,DI,NYJ,7,0,0,22,72.0,1,2,57,100.0,8.8,5,0,6.1,2,65,65,5,0,69.0,1,1,26,100.0,11.5,3,7.7,1,27,27,3
Jeremiah Trotter Jr.,144142,LB,PHI,2,0,0,24,59.9,0,0,1,9.1,0.0,0,0,0.0,0,11,1,0,0,,0,0,0,0.0,,0,,0,6,0,0
Cooper DeJean,144867,CB,PHI,7,0,0,24,56.3,0,1,5,3.5,0.0,0,0,30.0,1,170,6,2,0,,0,0,0,0.0,,0,,0,76,0,0
Chop Robinson,144901,ED,MIA,9,0,0,17,68.3,3,15,145,85.8,14.5,21,2,7.6,2,183,157,20,0,71.5,3,13,85,87.7,16.5,14,11.8,2,106,93,18
Austin Booker,144990,ED,CHI,9,0,0,6,54.6,2,4,94,93.3,4.3,4,0,4.3,1,104,97,7,0,62.1,2,4,47,92.2,8.5,4,8.5,1,51,47,7
Michael Hall Jr.,145076,DI,CLV,4,0,0,8,59.2,2,5,66,94.4,12.1,8,0,5.3,0,72,68,7,0,63.0,1,5,41,97.7,17.1,7,7.3,0,43,42,6
Thomas Incoom,145694,ED,CAR,4,0,0,5,50.3,1,1,19,82.6,0.0,0,0,5.3,0,23,19,2,0,51.4,1,1,8,72.7,0.0,0,12.5,0,11,8,2
Bo Richter,145962,ED,MIN,1,0,0,18,51.9,0,0,10,76.9,0.0,0,0,0.0,0,13,10,0,0,54.1,0,0,4,100.0,0.0,0,0.0,0,4,4,0
Calen Bullock,146424,S,HST,10,0,0,13,58.8,0,0,1,0.3,0.0,0,1,0.0,0,324,1,0,0,58.8,0,0,1,0.6,0.0,0,0.0,0,156,1,0
Cole Bishop,146454,S,BUF,6,0,0,4,59.1,0,0,1,1.3,0.0,0,0,0.0,0,76,1,0,0,59.1,0,0,1,2.9,0.0,0,0.0,0,34,1,0
Jonah Elliss,146458,ED,DEN,10,2,0,10,60.0,0,8,132,84.0,7.6,10,0,5.3,3,175,147,11,1,64.9,0,6,61,82.5,13.1,8,8.2,2,80,66,8
Kool-Aid McKinstry,146602,CB,NO,7,0,0,20,57.6,0,1,5,4.1,20.0,1,0,10.0,0,147,6,1,0,61.9,0,1,4,5.3,25.0,1,12.5,0,75,4,1
Dallas Turner,146604,ED,MIN,8,0,1,18,57.2,1,5,64,75.0,7.8,5,1,6.3,1,88,66,7,0,54.8,0,3,38,81.6,7.9,3,6.6,1,49,40,4
Javon Bullard,146726,S,GB,9,0,0,12,67.6,0,3,10,3.5,30.0,3,0,15.0,0,282,10,3,0,70.0,0,1,4,3.0,25.0,1,12.5,0,132,4,1
Kamari Lassiter,146727,CB,HST,8,0,0,13,58.5,0,0,1,0.7,0.0,0,1,0.0,0,280,2,0,0,,0,0,0,0.0,,0,,0,127,0,0
Trevin Wallace,146747,LB,CAR,8,0,0,5,52.8,0,3,25,12.3,8.0,2,0,6.0,0,212,26,3,0,58.9,0,0,14,16.7,14.3,2,0.0,0,90,15,0
Maason Smith,146774,DI,JAX,5,1,0,15,56.1,0,2,74,98.8,1.4,1,0,2.7,1,81,80,3,0,56.6,0,0,15,100.0,0.0,0,6.7,1,15,15,1
Byron Young,146932,ED,LA,9,0,1,26,69.5,7,15,182,76.2,11.0,20,3,9.3,6,260,198,28,0,74.1,4,12,95,84.3,14.7,14,12.6,4,127,107,20
Kader Kohou,156070,CB,MIA,7,0,0,17,39.9,0,1,8,3.8,0.0,0,3,6.3,0,209,8,1,0,52.4,0,0,4,3.5,0.0,0,0.0,0,115,4,0
Jeremiah Pharms Jr.,156117,DI,NE,9,0,0,19,61.2,2,6,123,100.0,7.3,9,0,4.1,1,135,135,9,0,60.1,1,4,63,100.0,7.9,5,4.0,0,71,71,5
Dondrea Tillman,156124,ED,DEN,5,0,0,10,62.3,1,5,51,90.0,7.8,4,0,9.8,2,60,54,8,0,73.4,1,5,26,96.4,15.4,4,19.2,2,28,27,8
Caleb Murphy,169634,ED,LAC,3,0,0,27,55.0,0,0,17,94.7,5.9,1,0,0.0,0,19,18,0,0,51.5,0,0,7,100.0,0.0,0,0.0,0,7,7,0
Trevor Nowaske,169859,ED,DET,6,0,0,11,58.4,0,8,68,72.3,5.9,4,0,8.8,2,101,73,10,0,62.6,0,6,39,83.7,7.7,3,12.8,2,49,41,8
