player,player_id,position,team_name,player_game_count,declined_penalties,franchise_id,grades_pass_block,hits_allowed,hurries_allowed,non_spike_pass_block,non_spike_pass_block_percentage,pass_block_percent,pbe,penalties,pressures_allowed,sacks_allowed,snap_counts_pass_block,snap_counts_pass_play,true_pass_set_grades_pass_block,true_pass_set_hits_allowed,true_pass_set_hurries_allowed,true_pass_set_non_spike_pass_block,true_pass_set_non_spike_pass_block_percentage,true_pass_set_pass_block_percent,true_pass_set_pbe,true_pass_set_pressures_allowed,true_pass_set_sacks_allowed,true_pass_set_snap_counts_pass_block,true_pass_set_snap_counts_pass_play
Joel Bitonio,8670,G,CLV,9,0,8,64.4,3,18,408,100.0,100.0,96.9,4,23,2,437,437,52.9,2,11,157,100.0,100.0,94.6,15,2,172,172
Jon Runyan,36661,G,NYG,10,1,21,64.0,3,17,396,100.0,100.0,97.2,1,21,1,429,429,51.5,2,11,173,100.0,100.0,95.7,14,1,185,185
Greg Van Roten,7746,G,NYG,10,0,21,64.1,4,15,396,100.0,100.0,97.1,2,21,2,429,429,52.6,3,10,173,100.0,100.0,95.7,14,1,185,185
Jermaine Eluemunor,11914,T,NYG,10,3,21,66.0,9,15,396,100.0,100.0,96.2,5,27,3,429,429,67.5,6,7,173,100.0,100.0,95.1,15,2,185,185
John Michael Schmitz Jr.,55238,C,NYG,10,0,21,48.4,4,13,396,100.0,100.0,97.3,1,19,2,429,429,34.9,4,10,173,100.0,100.0,95.4,15,1,185,185
Shaq Mason,9564,G,HST,10,0,13,62.6,5,15,403,100.0,100.0,96.3,0,25,5,428,428,56.7,2,11,195,100.0,100.0,94.6,17,4,207,207
Connor Williams,46216,C,SEA,9,0,29,62.3,3,6,385,100.0,100.0,98.3,1,11,2,427,427,64.2,3,4,195,100.0,100.0,97.2,9,2,218,218
Laken Tomlinson,9461,G,SEA,9,1,29,66.1,6,11,385,100.0,100.0,97.3,2,19,2,427,427,55.1,5,5,195,100.0,100.0,96.9,11,1,218,218
Charles Cross,98401,T,SEA,9,2,29,80.4,3,22,385,100.0,100.0,96.5,2,26,1,427,427,75.8,2,16,195,100.0,100.0,94.9,19,1,218,218
Cordell Volson,30614,G,CIN,10,0,7,51.4,6,17,397,100.0,100.0,96.1,0,27,4,420,420,35.6,3,16,176,100.0,100.0,92.9,22,3,187,187
Alex Cappa,66578,G,CIN,10,1,7,52.3,3,18,397,100.0,100.0,96.3,1,25,4,420,420,37.3,2,16,176,100.0,100.0,93.2,21,3,187,187
Cooper Beebe,99434,C,DAL,9,0,9,54.0,5,6,386,100.0,100.0,97.8,1,14,3,420,420,52.2,3,5,189,100.0,100.0,96.3,11,3,208,208
Terence Steele,39461,T,DAL,9,0,9,51.4,4,18,386,100.0,100.0,95.3,0,29,7,420,420,46.1,3,15,189,100.0,100.0,91.5,25,7,208,208
Ted Karras,10855,C,CIN,10,0,7,77.0,4,6,397,100.0,100.0,98.2,0,12,2,420,420,71.5,4,2,176,100.0,100.0,97.7,7,1,187,187
Ben Bredeson,27305,G,TB,10,0,30,55.7,2,16,394,100.0,100.0,97.7,1,18,0,416,416,39.2,2,14,168,100.0,100.0,95.2,16,0,180,180
Cody Mauch,66637,G,TB,10,0,30,74.4,0,11,394,100.0,100.0,98.1,0,13,2,416,416,71.8,0,6,168,100.0,100.0,97.6,7,1,180,180
Joe Tippmann,101568,C,NYJ,10,0,22,65.1,2,7,391,100.0,100.0,98.3,1,11,2,414,414,37.9,1,7,137,100.0,100.0,95.6,10,2,149,149
Ben Powers,41482,G,DEN,10,1,10,64.9,2,9,379,100.0,100.0,98.3,3,12,1,406,406,59.8,1,5,184,100.0,100.0,97.8,7,1,195,195
Quinn Meinerz,112915,G,DEN,10,1,10,78.5,3,2,379,100.0,100.0,99.1,2,6,1,406,406,66.3,2,2,184,100.0,100.0,98.4,5,1,195,195
Tyler Smith,98385,G,DAL,9,2,9,73.0,2,10,372,100.0,100.0,98.1,3,13,1,406,406,61.1,1,9,184,100.0,100.0,96.7,11,1,203,203
Mike Onwenu,27357,T,NE,10,0,19,70.3,6,17,372,100.0,100.0,96.9,1,23,0,401,401,69.5,5,10,203,100.0,100.0,96.3,15,0,214,214
Laremy Tunsil,10647,T,HST,10,1,13,86.4,1,8,378,100.0,100.0,98.3,4,11,2,400,400,75.8,1,7,181,100.0,100.0,97.2,9,1,193,193
Zack Martin,8651,G,DAL,9,1,9,61.2,1,16,360,100.0,100.0,96.5,1,21,4,394,394,52.8,1,13,180,100.0,100.0,94.4,17,3,199,199
Tristan Wirfs,64818,T,TB,10,0,30,92.5,0,6,373,100.0,100.0,99.2,1,6,0,393,393,85.9,0,6,160,100.0,100.0,98.1,6,0,170,170
Garett Bolles,11775,T,DEN,10,2,10,86.6,1,11,364,100.0,100.0,98.1,8,13,1,391,391,82.3,1,8,176,100.0,100.0,96.9,10,1,187,187
Juice Scruggs,81800,C,HST,9,0,13,68.4,2,9,365,100.0,100.0,97.7,0,14,3,389,389,53.1,2,5,174,100.0,100.0,96.3,10,3,185,185
Coleman Shelton,39316,C,CHI,9,0,6,69.3,2,9,354,100.0,100.0,98.2,0,12,1,389,389,63.6,1,6,181,100.0,100.0,97.5,8,1,202,202
Tytus Howard,25472,T,HST,9,0,13,77.0,1,19,362,100.0,100.0,96.7,1,22,2,387,387,66.9,1,17,177,100.0,100.0,93.8,20,2,189,189
Jake Matthews,8641,T,ATL,10,2,2,82.8,4,11,354,100.0,100.0,96.8,4,19,4,386,386,74.7,4,7,200,100.0,100.0,95.2,15,4,219,219
Tyron Smith,6161,T,NYJ,10,2,22,72.3,4,13,365,100.0,100.0,96.3,2,22,5,386,386,54.9,4,8,124,100.0,100.0,91.1,17,5,135,135
John Simpson,41715,G,NYJ,10,0,22,75.3,6,3,364,100.0,100.0,98.8,2,9,0,385,385,68.2,2,2,132,100.0,100.0,98.5,4,0,142,142
Sam Cosmi,60114,G,WAS,10,1,32,78.8,2,10,355,100.0,100.0,98.0,3,13,1,379,379,63.0,2,8,137,100.0,100.0,95.6,11,1,147,147
Trevor Penning,59963,T,NO,10,1,20,54.1,1,20,355,100.0,100.0,96.5,3,23,2,379,379,53.1,1,12,148,100.0,100.0,94.9,14,1,157,157
Joe Thuney,10712,G,KC,9,0,16,89.6,0,6,358,100.0,100.0,99.2,0,6,0,378,378,83.1,0,4,165,100.0,100.0,98.8,4,0,178,178
Jawaan Taylor,41665,T,KC,9,0,16,74.4,3,9,358,100.0,100.0,97.5,3,15,3,378,378,69.4,3,7,165,100.0,100.0,95.2,13,3,178,178
Trey Smith,62960,G,KC,9,0,16,70.4,3,15,358,100.0,100.0,97.5,2,18,0,378,378,54.9,3,12,165,100.0,100.0,95.5,15,0,178,178
Creed Humphrey,59996,C,KC,9,0,16,88.5,2,3,358,100.0,100.0,99.3,0,5,0,378,378,83.3,2,1,165,100.0,100.0,99.1,3,0,178,178
Chris Lindstrom,46692,G,ATL,10,0,2,62.6,6,16,346,100.0,100.0,96.5,1,23,1,377,377,65.7,3,13,195,100.0,100.0,95.4,17,1,214,214
Nick Allegretti,39268,G,WAS,10,0,32,73.6,0,15,351,100.0,100.0,97.3,3,17,2,375,375,52.8,0,10,137,100.0,100.0,94.9,12,2,147,147
Taliese Fuaga,131732,T,NO,10,0,20,54.3,6,16,349,100.0,100.0,95.4,1,27,5,373,373,48.8,4,9,145,100.0,100.0,93.4,16,3,154,154
Robert Hunt,46139,G,CAR,10,1,5,62.3,3,9,351,100.0,100.0,97.4,1,15,3,372,372,61.5,2,7,148,100.0,100.0,96.3,10,1,165,165
Graham Barton,122367,C,TB,9,0,30,60.8,1,15,353,100.0,100.0,97.5,1,17,1,371,371,47.1,1,13,147,100.0,100.0,95.2,14,0,158,158
Tyler Biadasz,41178,C,WAS,10,1,32,70.1,0,6,347,100.0,100.0,98.8,1,7,1,371,371,59.3,0,5,134,100.0,100.0,98.1,5,0,144,144
O'Cyrus Torrence,102821,G,BUF,10,0,4,61.6,2,20,340,100.0,100.0,96.8,2,22,0,369,369,56.0,0,14,150,100.0,100.0,95.3,14,0,168,168
Ethan Pocic,11813,C,CLV,8,0,8,62.3,4,13,345,100.0,100.0,97.0,1,19,2,369,369,62.9,2,7,140,100.0,100.0,96.1,10,1,150,150
David Edwards,35941,G,BUF,10,0,4,61.0,1,14,339,100.0,100.0,97.8,1,15,0,368,368,47.9,1,9,149,100.0,100.0,96.6,10,0,167,167
Dion Dawkins,11818,T,BUF,10,0,4,77.0,2,9,338,100.0,100.0,97.5,3,14,3,367,367,68.3,2,6,149,100.0,100.0,96.0,10,2,167,167
Kevin Dotson,46735,G,LA,9,0,26,57.8,5,10,343,100.0,100.0,96.9,0,18,3,365,365,50.3,2,8,174,100.0,100.0,96.0,12,2,186,186
Quenton Nelson,12954,G,IND,10,0,14,85.5,4,5,341,100.0,100.0,98.4,2,10,1,364,364,83.3,4,3,155,100.0,100.0,97.1,8,1,163,163
Spencer Brown,42296,T,BUF,10,3,4,73.3,3,11,336,100.0,100.0,97.6,4,15,1,364,364,65.1,2,7,148,100.0,100.0,96.3,10,1,165,165
Braden Smith,46794,T,IND,10,5,14,65.6,2,17,340,99.7,99.7,96.0,7,23,4,363,364,72.7,1,8,155,100.0,100.0,95.8,11,2,163,163
Matthew Bergeron,99658,G,ATL,10,0,2,67.9,7,11,332,100.0,100.0,97.0,1,19,1,362,362,60.6,4,9,187,100.0,100.0,96.0,14,1,204,204
Connor McGovern,41714,C,BUF,10,0,4,62.5,0,16,334,100.0,100.0,97.6,0,16,0,361,361,36.9,0,14,149,100.0,100.0,95.3,14,0,166,166
Mitch Morse,9482,C,JAX,10,0,15,63.0,0,7,342,100.0,100.0,98.4,0,9,2,360,360,60.0,0,6,175,100.0,100.0,97.7,7,1,183,183
Tyler Linderbaum,82291,C,BLT,10,0,3,71.6,2,3,328,100.0,100.0,99.2,3,5,0,357,357,61.8,2,2,147,100.0,100.0,98.6,4,0,157,157
Daniel Faalele,81734,G,BLT,10,1,3,66.8,1,17,328,100.0,100.0,97.0,3,19,1,357,357,52.6,1,13,147,100.0,100.0,94.6,15,1,157,157
Ronnie Stanley,10640,T,BLT,10,1,3,79.7,2,18,326,100.0,100.0,96.9,4,20,0,355,355,80.4,2,10,147,100.0,100.0,95.9,12,0,157,157
Brandon Scherff,9438,G,JAX,10,1,15,73.3,1,10,337,100.0,100.0,98.4,1,11,0,354,354,60.8,1,10,172,100.0,100.0,96.8,11,0,180,180
Colton McKivitz,29314,T,SF,9,0,28,65.4,6,16,331,100.0,100.0,96.4,0,23,1,351,351,62.2,4,12,162,100.0,100.0,94.4,17,1,174,174
Anthony Bradford,99103,G,SEA,9,0,29,51.6,1,18,318,100.0,100.0,95.4,2,24,5,351,351,35.4,1,18,169,100.0,100.0,92.0,23,4,187,187
Jake Brendel,11117,C,SF,9,1,28,41.8,2,13,331,100.0,100.0,97.7,2,15,0,351,351,26.0,2,11,162,100.0,100.0,96.0,13,0,174,174
Dominick Puni,163815,G,SF,9,0,28,70.6,0,16,330,100.0,100.0,97.6,1,16,0,350,350,60.0,0,13,161,100.0,100.0,96.0,13,0,173,173
Kenyon Green,99052,G,HST,9,1,13,40.9,4,18,325,100.0,100.0,95.1,3,27,5,347,347,21.4,3,15,153,100.0,100.0,91.5,22,4,163,163
Peter Skoronski,129737,G,TEN,9,0,31,64.6,6,13,325,100.0,100.0,96.5,2,21,2,347,347,62.5,4,9,149,100.0,100.0,95.0,14,1,162,162
JC Latham,146596,T,TEN,9,0,31,72.3,7,11,324,99.7,99.7,96.3,0,21,3,346,347,59.5,6,10,149,100.0,100.0,93.3,18,2,162,162
Kolton Miller,47013,T,LV,9,2,23,79.2,3,10,321,100.0,100.0,96.1,2,19,6,346,346,75.3,1,7,163,100.0,100.0,95.1,12,4,176,176
Dawand Jones,101550,T,CLV,8,0,8,56.1,7,11,323,100.0,100.0,96.0,2,22,4,345,345,59.5,3,9,139,100.0,100.0,95.0,13,1,151,151
Aaron Brewer,46014,C,MIA,9,0,17,76.8,0,3,325,100.0,100.0,99.5,0,3,0,344,344,72.7,0,1,82,100.0,100.0,99.4,1,0,86,86
Liam Eichenberg,41851,G,MIA,9,0,17,55.4,3,8,325,100.0,100.0,97.7,0,13,2,344,344,39.4,0,6,82,100.0,100.0,95.1,7,1,86,86
Michael Jordan,28021,G,NE,9,0,19,61.9,2,14,314,100.0,100.0,96.8,1,18,2,341,341,43.1,2,13,172,100.0,100.0,94.5,17,2,182,182
Trent Williams,5529,T,SF,9,1,28,86.1,3,11,322,100.0,100.0,97.5,2,15,1,341,341,83.2,0,7,156,100.0,100.0,97.1,8,1,168,168
Anton Harrison,122929,T,JAX,10,0,15,62.7,2,17,323,100.0,100.0,96.1,0,22,3,338,338,51.8,1,14,163,100.0,100.0,94.2,17,2,170,170
Aaron Banks,59983,G,SF,9,0,28,63.7,2,16,320,100.0,100.0,96.9,0,19,1,338,338,54.2,2,12,160,100.0,100.0,95.0,15,1,171,171
Andrew Wylie,12333,T,WAS,9,1,32,67.1,3,11,316,99.7,99.4,97.8,2,14,0,335,337,58.3,3,5,121,100.0,100.0,96.7,8,0,130,130
Darnell Wright,98480,T,CHI,8,1,6,69.3,1,12,301,100.0,100.0,96.2,3,18,5,334,334,62.3,1,8,146,100.0,100.0,93.5,14,5,166,166
Garrett Bradbury,46013,C,MIN,9,0,18,53.9,3,16,306,100.0,100.0,96.2,0,21,2,332,332,45.3,3,11,156,100.0,100.0,94.9,15,1,166,166
Brian O'Neill,46854,T,MIN,9,0,18,80.5,0,8,306,100.0,100.0,98.4,1,9,1,332,332,74.7,0,7,156,100.0,100.0,97.1,8,1,166,166
Blake Brandel,46282,G,MIN,9,0,18,67.4,1,11,306,100.0,100.0,96.4,0,17,5,332,332,56.2,0,8,156,100.0,100.0,94.2,13,5,166,166
Ed Ingram,59819,G,MIN,9,0,18,49.1,3,16,306,100.0,100.0,95.3,1,24,5,332,332,30.2,3,10,156,100.0,100.0,92.6,18,5,166,166
Patrick Mekari,46219,G,BLT,10,1,3,75.8,0,13,303,100.0,100.0,97.5,3,14,1,330,330,69.0,0,8,133,100.0,100.0,96.2,9,1,143,143
Hjalte Froholdt,44959,C,ARZ,10,0,1,66.3,3,10,312,100.0,100.0,97.9,1,13,0,328,328,57.7,0,5,104,100.0,100.0,97.6,5,0,109,109
Paris Johnson Jr.,129749,T,ARZ,10,0,1,76.9,1,13,312,100.0,100.0,96.5,2,18,4,328,328,65.4,1,9,104,100.0,100.0,92.3,13,3,109,109
Zach Tom,55443,T,GB,9,3,12,81.9,2,8,308,100.0,100.0,98.1,3,11,1,328,328,83.1,1,4,129,100.0,100.0,97.3,6,1,141,141
Elgton Jenkins,46298,G,GB,9,0,12,83.0,1,7,308,100.0,100.0,98.7,0,8,0,328,328,76.4,1,5,129,100.0,100.0,97.7,6,0,141,141
Rasheed Walker,81798,T,GB,9,1,12,80.0,1,16,308,100.0,100.0,96.6,3,19,2,328,328,67.9,0,13,129,100.0,100.0,93.4,15,2,141,141
Andre James,47058,C,LV,8,0,23,66.1,1,9,304,100.0,100.0,97.7,2,12,2,325,325,66.1,1,5,158,100.0,100.0,96.8,8,2,169,169
Cam Robinson,11789,T,MIN,9,2,18,72.2,3,18,310,100.0,100.0,95.3,4,25,4,325,325,61.2,3,15,157,100.0,100.0,92.4,21,3,164,164
Damien Lewis,81532,G,CAR,9,2,5,71.9,2,10,306,100.0,100.0,97.4,2,14,2,324,324,62.0,2,6,132,100.0,100.0,95.5,10,2,146,146
Alijah Vera-Tucker,57107,G,NYJ,8,0,22,73.6,4,2,305,100.0,100.0,98.0,0,9,3,321,321,75.4,2,1,109,100.0,100.0,97.7,4,1,117,117
Kaleb McGary,46912,T,ATL,9,0,2,58.9,7,8,296,100.0,100.0,96.5,0,18,3,320,320,48.7,6,8,170,100.0,100.0,94.1,17,3,184,184
Evan Brown,38709,G,ARZ,10,0,1,75.2,0,6,299,100.0,100.0,98.3,1,8,2,314,314,61.1,0,4,96,100.0,100.0,96.9,5,1,100,100
Dan Moore Jr.,60120,T,PIT,9,1,25,74.1,2,11,288,100.0,100.0,97.0,2,15,2,313,313,66.9,1,8,111,100.0,100.0,95.9,9,0,121,121
Austin Jackson,60816,T,MIA,8,2,17,60.1,3,9,293,100.0,100.0,96.9,3,15,3,312,312,68.4,1,4,68,100.0,100.0,94.9,6,1,72,72
Ryan Neuzil,41123,C,ATL,8,0,2,66.1,2,6,286,100.0,100.0,98.3,0,9,1,308,308,60.0,1,4,163,100.0,100.0,98.5,5,0,175,175
Amarius Mims,146719,T,CIN,8,0,7,57.0,1,16,290,99.7,99.7,96.4,1,19,2,307,308,49.8,1,11,135,100.0,100.0,95.6,12,0,145,145
Robert Jones,100786,G,MIA,9,0,17,55.9,2,6,287,100.0,100.0,97.2,1,12,4,306,306,28.7,2,4,65,100.0,100.0,92.3,8,2,69,69
Landon Dickerson,41712,G,PHI,9,1,24,65.5,3,15,287,100.0,100.0,95.8,1,21,3,303,303,50.6,3,13,153,100.0,100.0,92.8,19,3,158,158
Matt Pryor,46647,G,CHI,7,1,6,80.0,0,7,274,100.0,100.0,96.9,1,12,5,302,302,67.9,0,7,144,100.0,100.0,94.1,12,5,160,160
Ikem Ekwonu,98286,T,CAR,8,1,5,68.9,2,14,284,100.0,100.0,96.5,6,18,2,301,301,53.7,2,10,120,100.0,100.0,93.3,14,2,134,134
Teven Jenkins,41534,G,CHI,9,0,6,75.3,1,7,277,100.0,100.0,97.5,0,11,3,300,300,69.1,0,5,136,100.0,100.0,96.0,8,3,149,149
Lloyd Cushenberry III,41924,C,TEN,8,0,31,57.2,1,13,279,100.0,100.0,97.5,0,14,0,299,299,52.6,0,10,128,100.0,100.0,96.1,10,0,140,140
Bradley Bozeman,27934,C,LAC,9,2,27,42.2,2,9,282,100.0,100.0,97.3,2,13,2,299,299,37.0,1,8,130,100.0,100.0,95.8,10,1,134,134
Zion Johnson,99681,G,LAC,9,0,27,54.9,10,8,282,100.0,100.0,95.7,1,21,3,299,299,43.6,6,7,130,100.0,100.0,94.2,14,1,134,134
Tyler Guyton,123076,T,DAL,7,3,9,58.3,4,11,273,100.0,100.0,95.8,8,19,4,299,299,58.8,3,8,128,100.0,100.0,92.6,15,4,142,142
Stone Forsythe,41795,T,SEA,6,1,29,41.3,4,29,269,100.0,100.0,93.1,1,35,2,298,298,33.3,4,21,136,100.0,100.0,89.3,27,2,149,149
Cam Jurgens,84014,C,PHI,9,2,24,56.2,0,11,283,100.0,100.0,97.0,4,14,3,298,298,64.0,0,8,148,100.0,100.0,95.3,11,3,152,152
Dillon Radunz,30551,G,TEN,8,0,31,60.7,2,10,275,100.0,100.0,96.7,1,15,3,296,296,43.1,1,8,124,100.0,100.0,94.0,12,3,136,136
Morgan Moses,8701,T,NYJ,8,1,22,71.1,2,6,277,100.0,100.0,98.6,3,8,0,296,296,67.5,1,4,97,100.0,100.0,97.4,5,0,107,107
DJ Glaze,129511,T,LV,7,0,23,60.2,5,13,273,100.0,100.0,96.0,3,20,2,295,295,53.9,4,12,137,100.0,100.0,92.7,18,2,148,148
Demontrey Jacobs,56619,T,NE,8,0,19,43.8,4,16,271,100.0,100.0,94.5,2,25,5,295,295,41.6,2,12,156,100.0,100.0,92.9,18,4,164,164
Bernhard Raimann,77948,T,IND,9,0,14,84.7,1,8,279,100.0,100.0,97.3,0,12,3,294,294,75.2,0,7,126,100.0,100.0,94.8,10,3,132,132
Beaux Limmer,99067,C,LA,8,0,26,52.4,3,7,267,100.0,100.0,98.1,0,10,0,288,288,38.4,1,5,127,100.0,100.0,97.6,6,0,139,139
Broderick Jones,124025,T,PIT,9,0,25,46.9,1,13,268,100.0,100.0,94.8,3,21,7,287,287,47.7,0,5,105,100.0,100.0,92.9,10,5,112,112
Graham Glasgow,10729,G,DET,9,0,11,60.0,3,12,275,100.0,100.0,96.5,0,17,2,286,286,28.2,2,9,101,100.0,100.0,92.6,13,2,105,105
Penei Sewell,81788,T,DET,9,1,11,77.1,2,9,275,100.0,100.0,98.0,1,11,0,286,286,77.7,0,4,101,100.0,100.0,98.0,4,0,105,105
Taylor Moton,11819,T,CAR,8,1,5,81.8,1,5,266,100.0,100.0,98.9,1,6,0,282,282,80.5,0,4,107,100.0,100.0,98.1,4,0,120,120
Josh Myers,59992,C,GB,8,0,12,71.4,2,11,265,100.0,100.0,97.5,2,13,0,282,282,63.5,2,8,109,100.0,100.0,95.4,10,0,119,119
Alaric Jackson,40972,T,LA,7,0,26,78.2,2,7,260,100.0,100.0,97.1,0,12,3,280,280,70.7,1,7,122,100.0,100.0,95.1,10,2,133,133
Ezra Cleveland,41973,G,JAX,8,0,15,76.2,2,3,265,100.0,100.0,97.9,0,8,3,279,279,65.5,2,3,127,100.0,100.0,95.7,8,3,133,133
Orlando Brown Jr.,46227,T,CIN,8,0,7,82.5,1,5,263,100.0,100.0,98.1,1,8,2,276,276,84.2,0,5,114,100.0,100.0,96.1,7,2,120,120
Kelvin Beachum,7229,T,ARZ,9,0,1,73.6,0,6,262,100.0,100.0,97.7,1,9,3,273,273,67.6,0,2,85,100.0,100.0,95.3,5,3,90,90
Wanya Morris,98247,T,KC,8,1,16,58.1,5,11,260,99.6,99.6,95.8,3,19,3,272,273,44.7,4,10,125,100.0,100.0,92.0,17,3,131,131
Sean Rhyan,72009,G,GB,9,0,12,67.7,3,5,256,100.0,100.0,97.3,0,11,3,270,270,41.0,3,4,108,100.0,100.0,94.0,10,3,117,117
Joe Alt,147481,T,LAC,8,0,27,74.0,0,7,253,100.0,100.0,97.0,3,11,4,268,268,68.8,0,4,119,100.0,100.0,95.8,7,3,123,123
Roger Rosengarten,131912,T,BLT,9,1,3,59.2,0,20,246,100.0,100.0,94.7,1,23,3,266,266,59.9,0,16,106,100.0,100.0,90.6,18,2,110,110
Braxton Jones,60092,T,CHI,7,2,6,73.1,1,16,239,100.0,100.0,96.0,4,18,1,266,266,65.8,0,13,107,100.0,100.0,93.9,13,0,125,125
Jackson Powers-Johnson,146550,G,LV,7,0,23,60.8,2,10,246,100.0,100.0,97.2,1,13,1,264,264,50.9,1,8,124,100.0,100.0,95.6,10,1,133,133
Luke Goedeke,77548,T,TB,6,0,30,71.9,0,10,245,100.0,100.0,97.6,0,11,1,262,262,63.3,0,6,113,100.0,100.0,96.5,7,1,121,121
Andrew Thomas,59701,T,NYG,6,1,21,71.8,4,8,244,100.0,100.0,95.9,2,16,4,261,261,64.1,3,6,102,100.0,100.0,93.6,11,2,109,109
Terron Armstead,7856,T,MIA,8,0,17,84.3,0,8,248,100.0,100.0,98.4,0,8,0,259,259,69.5,0,5,61,100.0,100.0,95.9,5,0,63,63
Rashawn Slater,59971,T,LAC,8,0,27,87.6,2,6,242,100.0,100.0,97.1,1,11,3,257,257,82.3,1,4,113,100.0,100.0,96.0,7,2,117,117
Frank Ragnow,39137,C,DET,8,0,11,64.9,4,2,247,100.0,100.0,98.0,1,8,2,256,256,63.0,2,1,92,100.0,100.0,97.3,4,1,94,94
Trey Pipkins III,91462,G,LAC,8,1,27,49.5,2,7,239,100.0,100.0,96.4,2,13,4,254,254,40.3,1,6,114,100.0,100.0,94.3,10,3,117,117
Mike McGlinchey,46275,T,DEN,6,1,10,73.0,0,7,239,100.0,100.0,98.1,1,8,1,253,253,76.0,0,4,112,100.0,100.0,97.3,5,1,118,118
Kevin Zeitler,7032,G,DET,8,0,11,71.3,2,4,240,100.0,100.0,97.9,1,8,2,251,251,67.2,2,2,88,100.0,100.0,96.6,5,1,92,92
Rob Havenstein,9490,T,LA,7,0,26,67.1,2,5,232,100.0,100.0,97.2,0,10,3,250,250,58.0,2,4,107,100.0,100.0,94.4,9,3,117,117
Taylor Decker,10650,T,DET,8,1,11,70.4,2,9,240,99.6,99.6,95.2,2,17,6,249,250,56.5,1,6,90,100.0,100.0,91.7,11,4,93,93
Connor McGovern,10778,C,NO,6,0,20,69.7,1,7,228,100.0,100.0,98.2,2,8,0,243,243,67.2,1,5,106,100.0,100.0,97.2,6,0,111,111
Zach Frazier,123419,C,PIT,7,0,25,65.2,2,2,221,100.0,100.0,99.1,0,4,0,242,242,55.0,1,0,87,100.0,100.0,99.4,1,0,96,96
Luke Wattenberg,41024,C,DEN,6,0,10,74.8,2,2,217,100.0,100.0,99.1,1,4,0,234,234,62.0,2,2,103,100.0,100.0,98.1,4,0,109,109
Lane Johnson,7786,T,PHI,8,0,24,86.0,1,3,218,100.0,100.0,99.1,2,4,0,232,232,82.7,0,3,111,100.0,100.0,98.6,3,0,114,114
Mekhi Becton,59818,G,PHI,8,0,24,56.4,1,11,219,100.0,100.0,95.9,0,15,3,232,232,49.4,0,7,118,100.0,100.0,95.3,9,2,121,121
Vederian Lowe,59741,T,NE,7,0,19,64.0,3,13,214,100.0,100.0,95.3,1,18,2,231,231,44.3,3,12,115,100.0,100.0,91.7,17,2,121,121
Christian Darrisaw,77373,T,MIN,7,1,18,79.9,1,7,209,100.0,100.0,97.1,3,10,2,231,231,70.5,1,6,103,100.0,100.0,94.7,9,2,111,111
Wyatt Teller,46131,G,CLV,5,0,8,60.5,1,7,216,100.0,100.0,97.7,1,9,1,231,231,44.3,1,4,90,100.0,100.0,96.1,6,1,99,99
Mason McCormick,78326,G,PIT,7,0,25,58.9,1,8,215,100.0,100.0,97.9,0,9,0,229,229,56.0,0,6,86,100.0,100.0,96.5,6,0,90,90
Dylan Parham,60953,G,LV,7,0,23,71.2,0,6,207,100.0,100.0,97.6,0,8,2,223,223,68.5,0,5,100,100.0,100.0,96.5,6,1,110,110
Ryan Kelly,10652,C,IND,7,0,14,70.3,1,5,206,100.0,100.0,98.1,1,7,1,222,222,57.6,1,5,100,100.0,100.0,96.0,7,1,105,105
Ben Brown,59869,C,NE,5,0,19,45.1,2,5,201,100.0,100.0,96.8,2,10,3,219,219,35.6,1,5,112,100.0,100.0,95.5,8,2,119,119
Lucas Patrick,11435,G,NO,7,0,20,53.8,0,6,200,100.0,100.0,98.5,2,6,0,214,214,41.2,0,5,84,100.0,100.0,97.0,5,0,90,90
Dalton Tucker,81717,G,IND,6,0,14,58.3,2,12,196,100.0,100.0,95.9,0,15,1,211,211,51.6,1,9,88,100.0,100.0,93.2,11,1,94,94
Landon Young,41761,G,NO,5,0,20,24.9,0,11,183,100.0,100.0,95.9,0,13,2,195,195,32.2,0,5,72,100.0,100.0,95.1,6,1,76,76
Fred Johnson,46951,T,PHI,7,1,24,42.9,3,22,183,100.0,100.0,89.3,2,32,7,193,193,29.6,2,21,102,100.0,100.0,81.9,30,7,106,106
Cesar Ruiz,59857,G,NO,6,0,20,61.1,1,3,180,100.0,100.0,98.3,1,5,1,193,193,62.0,0,1,75,100.0,100.0,98.0,2,1,81,81
Cornelius Lucas,9025,T,WAS,8,0,32,82.8,0,8,180,100.0,100.0,97.2,0,9,1,190,190,83.7,0,5,68,100.0,100.0,96.3,5,0,72,72
Austin Corbett,46290,C,CAR,5,0,5,66.8,1,1,176,100.0,100.0,98.9,1,3,1,187,187,66.4,1,1,67,100.0,100.0,98.5,2,0,76,76
Jordan Mailata,66916,T,PHI,5,0,24,90.9,0,7,177,100.0,100.0,97.5,0,8,1,185,185,88.4,0,4,94,100.0,100.0,96.8,5,1,97,97
Brady Christensen,51985,C,CAR,6,0,5,58.9,3,9,175,100.0,100.0,96.6,1,12,0,185,185,39.0,3,8,81,100.0,100.0,93.2,11,0,89,89
Justin Skule,38951,T,TB,5,0,30,63.4,2,5,170,100.0,100.0,95.6,1,11,4,177,177,49.5,1,4,63,100.0,100.0,89.7,9,4,69,69
Nicholas Petit-Frere,82003,T,TEN,5,0,31,34.9,1,17,161,100.0,100.0,91.3,0,23,5,173,173,24.8,0,12,76,100.0,100.0,85.5,17,5,83,83
Jack Conklin,10642,T,CLV,4,0,8,69.1,0,7,161,100.0,100.0,96.6,0,9,2,173,173,69.5,0,4,52,100.0,100.0,94.2,5,1,60,60
Alex Forsyth,60012,C,DEN,5,0,10,58.7,1,5,162,100.0,100.0,96.9,0,8,2,172,172,56.8,0,4,81,100.0,100.0,95.1,6,2,86,86
Layden Robinson,99057,G,NE,6,1,19,39.2,4,13,163,100.0,100.0,92.3,1,21,4,171,171,34.8,1,8,77,100.0,100.0,90.3,12,3,80,80
Olumuyiwa Fashanu,129777,T,NYJ,6,0,22,40.9,2,11,162,100.0,100.0,96.0,2,13,0,170,170,27.0,1,8,56,100.0,100.0,92.0,9,0,61,61
Isaac Seumalo,10713,G,PIT,5,0,25,54.5,0,10,158,100.0,100.0,96.2,0,11,1,169,169,46.7,0,8,66,100.0,100.0,93.9,8,0,69,69
Brandon Coleman,123068,T,WAS,9,0,32,60.1,2,8,156,100.0,100.0,95.5,0,12,2,169,169,47.2,0,8,61,100.0,100.0,90.2,10,2,67,67
Jedrick Wills Jr.,58467,T,CLV,5,2,8,63.6,3,5,156,100.0,100.0,95.5,3,11,3,168,168,49.8,2,3,56,100.0,100.0,90.2,8,3,59,59
Will Hernandez,46180,G,ARZ,5,0,1,74.2,0,8,156,100.0,100.0,97.4,0,8,0,163,163,76.2,0,3,51,100.0,100.0,97.1,3,0,52,52
Jordan Meredith,60235,G,LV,4,0,23,82.4,0,1,150,100.0,100.0,99.7,0,1,0,161,161,78.4,0,0,80,100.0,100.0,100.0,0,0,85,85
James Hudson III,59854,T,CLV,4,0,8,40.2,7,8,149,100.0,100.0,95.0,1,15,0,159,159,49.7,5,3,58,100.0,100.0,93.1,8,0,64,64
Cody Ford,39805,T,CIN,6,0,7,47.4,4,13,148,98.7,98.8,93.6,0,18,1,158,160,40.0,4,9,67,100.0,100.0,88.8,14,1,72,72
Will Fries,41530,G,IND,5,0,14,74.9,1,3,145,100.0,100.0,97.2,0,6,2,153,153,68.5,1,0,67,100.0,100.0,97.8,2,1,69,69
Cody Whitehair,10690,G,LV,6,0,23,59.8,1,8,142,100.0,100.0,96.8,0,9,0,153,153,47.9,1,7,72,100.0,100.0,94.4,8,0,78,78
Zak Zinter,129605,G,CLV,7,0,8,34.7,1,6,139,98.6,98.7,95.3,0,10,3,148,150,41.4,0,2,45,100.0,100.0,93.3,4,2,51,51
Walker Little,52287,T,JAX,6,0,15,63.3,4,2,135,100.0,100.0,96.3,0,8,2,143,143,57.3,3,2,76,100.0,100.0,94.1,7,2,80,80
Tanor Bortolini,129915,C,IND,4,0,14,69.8,1,2,135,100.0,100.0,98.9,0,3,0,142,142,66.2,0,1,55,100.0,100.0,99.1,1,0,58,58
Nick Saldiveri,81785,G,NO,6,0,20,41.9,3,5,132,100.0,100.0,97.0,0,8,0,139,139,17.0,2,5,60,100.0,100.0,94.2,7,0,62,62
Jonah Jackson,37070,C,LA,3,0,26,53.4,2,5,132,100.0,100.0,97.3,0,7,0,135,135,41.0,2,5,83,100.0,100.0,95.8,7,0,84,84
Spencer Anderson,81719,G,PIT,5,0,25,61.2,2,3,122,100.0,100.0,97.1,1,6,1,135,135,72.9,1,1,46,100.0,100.0,97.8,2,0,52,52
Trystan Colon,41117,G,ARZ,6,0,1,68.6,0,5,119,100.0,100.0,97.9,0,5,0,127,127,79.4,0,2,42,100.0,100.0,97.6,2,0,46,46
Thayer Munford Jr.,59994,T,LV,4,0,23,46.3,3,2,116,98.3,98.4,93.5,0,10,5,121,123,28.0,2,2,60,98.4,98.5,88.3,9,5,64,65
Logan Bruss,60251,G,LA,3,0,26,7.2,3,5,107,100.0,100.0,94.4,0,10,2,115,115,0.0,3,2,54,100.0,100.0,91.7,7,2,56,56
Justin Dedich,83018,G,LA,4,0,26,43.6,2,5,104,100.0,100.0,96.6,1,7,0,115,115,22.5,2,3,37,100.0,100.0,93.2,5,0,46,46
Andrew Vorhees,60818,G,BLT,3,0,3,62.6,0,2,103,100.0,100.0,99.0,2,2,0,114,114,58.1,0,2,53,100.0,100.0,98.1,2,0,59,59
Mike Jerrell,183057,T,SEA,3,1,29,50.4,2,7,102,100.0,100.0,92.6,3,12,3,113,113,34.9,2,5,49,100.0,100.0,86.7,10,3,57,57
Kingsley Suamataia,146558,T,KC,5,0,16,32.6,5,5,98,100.0,100.0,91.8,2,13,3,106,106,37.0,3,3,40,100.0,100.0,90.0,7,1,47,47
David Andrews,9948,C,NE,4,2,19,60.0,0,4,100,100.0,100.0,97.0,2,5,1,105,105,43.1,0,3,51,100.0,100.0,95.1,4,1,54,54
James Daniels,45576,G,PIT,4,0,25,66.5,1,3,93,100.0,100.0,96.8,0,5,1,105,105,55.2,1,2,30,100.0,100.0,91.7,4,1,37,37
Jordan Morgan,98652,G,GB,6,0,12,61.5,3,4,95,100.0,100.0,96.3,1,7,0,104,104,65.7,2,2,41,100.0,100.0,95.1,4,0,46,46
Leroy Watson,98723,T,TEN,4,1,31,37.8,1,7,93,100.0,100.0,94.6,4,9,1,100,100,25.6,0,6,33,100.0,100.0,90.9,6,0,36,36
Trent Brown,9677,T,CIN,3,0,7,64.2,0,4,92,100.0,100.0,96.7,0,5,1,98,98,41.1,0,4,35,100.0,100.0,91.4,5,1,36,36
Alex Palczewski,59738,T,DEN,4,0,10,66.7,1,1,87,100.0,100.0,97.7,0,3,1,97,97,72.9,0,0,41,100.0,100.0,97.6,1,1,44,44
Warren McClendon Jr.,99081,T,LA,3,0,26,38.6,4,3,94,100.0,100.0,93.1,0,10,3,97,97,33.8,3,3,56,100.0,100.0,89.3,9,3,58,58
T.J. Bass,131703,G,DAL,5,0,9,32.3,0,3,92,100.0,100.0,98.4,0,3,0,97,97,33.1,0,2,49,100.0,100.0,98.0,2,0,53,53
Larry Borom,59879,T,CHI,2,0,6,62.4,0,5,91,100.0,100.0,92.9,1,9,4,96,96,54.7,0,5,62,100.0,100.0,89.5,9,4,64,64
Kyren Williams,97118,HB,LA,9,0,26,56.2,0,8,88,27.9,28.7,95.5,0,8,0,96,335,40.6,0,6,33,19.9,20.2,90.9,6,0,36,178
Michael Dunn,39676,G,CLV,2,0,8,32.0,2,2,87,100.0,100.0,95.4,1,6,2,95,95,22.3,1,2,25,100.0,100.0,90.0,4,1,28,28
Nate Davis,46808,G,CHI,5,0,6,69.2,0,5,82,100.0,100.0,95.7,1,6,1,93,93,61.6,0,4,42,100.0,100.0,92.9,5,1,51,51
Yosh Nijman,60822,T,CAR,3,0,5,62.8,2,3,85,100.0,100.0,95.9,1,6,1,90,90,55.6,1,3,41,100.0,100.0,92.7,5,1,45,45
Jarrett Patterson,81775,C,HST,3,0,13,69.0,0,3,83,100.0,100.0,97.0,0,4,1,85,85,68.5,0,2,38,100.0,100.0,97.4,2,0,40,40
Tyler Steen,81921,G,PHI,5,0,24,65.1,0,4,80,100.0,100.0,97.5,3,4,0,84,84,64.9,0,2,42,100.0,100.0,97.6,2,0,45,45
Kendall Lamm,10017,T,MIA,3,0,17,76.7,1,4,80,100.0,100.0,96.9,0,5,0,83,83,70.7,1,2,31,100.0,100.0,95.2,3,0,31,31
Chris Hubbard,8051,T,NYG,2,0,21,20.5,7,5,72,100.0,100.0,88.9,1,14,2,82,82,24.2,5,2,33,100.0,100.0,86.4,8,1,36,36
Matt Peart,46179,T,DEN,8,0,10,72.5,0,6,77,96.3,96.4,96.1,0,6,0,81,84,67.2,0,5,41,100.0,100.0,93.9,5,0,43,43
Daniel Brunskill,34807,C,TEN,7,0,31,73.0,1,0,78,100.0,100.0,99.4,0,1,0,81,81,58.2,1,0,33,100.0,100.0,98.5,1,0,35,35
Sidy Sow,59675,G,NE,4,0,19,2.5,2,6,75,100.0,100.0,93.3,0,9,1,80,80,0.0,2,4,46,100.0,100.0,91.3,7,1,48,48
Jamaree Salyer,81656,G,LAC,4,0,27,35.7,1,4,74,100.0,100.0,95.3,1,6,1,78,78,25.5,0,2,29,100.0,100.0,93.1,3,1,30,30
Nick Leverett,27699,C,NE,2,0,19,19.8,4,5,71,100.0,100.0,92.3,0,10,1,77,77,16.6,3,4,40,100.0,100.0,88.7,8,1,41,41
Steve Avila,77319,G,LA,2,0,26,62.3,1,0,76,100.0,100.0,98.0,0,2,1,77,77,60.7,0,0,47,100.0,100.0,97.9,1,1,47,47
Drew Dalman,52270,C,ATL,3,0,2,50.0,1,3,67,100.0,100.0,95.5,0,5,1,77,77,33.9,1,2,37,100.0,100.0,93.2,4,1,44,44
Christian Haynes,77339,G,SEA,7,0,29,53.3,0,3,67,100.0,100.0,96.3,1,4,1,76,76,52.1,0,1,26,100.0,100.0,94.2,2,1,31,31
Ryan McCollum,41974,C,PIT,3,0,25,41.5,1,3,71,100.0,100.0,97.2,1,4,0,75,75,64.1,1,1,27,100.0,100.0,96.3,2,0,28,28
Blake Fisher,147479,T,HST,5,0,13,35.5,5,4,68,100.0,100.0,91.9,0,10,1,71,71,29.8,3,2,32,100.0,100.0,92.2,5,0,32,32
Cade Mays,81995,C,CAR,3,0,5,69.9,1,1,66,100.0,100.0,98.5,0,2,0,70,70,57.5,0,1,28,100.0,100.0,98.2,1,0,31,31
Matt Goncalves,99680,T,IND,2,0,14,41.1,2,1,62,100.0,100.0,92.7,1,6,3,70,70,28.2,2,1,29,100.0,100.0,84.5,6,3,31,31
Joe Noteboom,46249,T,LA,2,0,26,30.8,0,7,69,100.0,100.0,92.0,0,9,2,70,70,42.7,0,4,40,100.0,100.0,90.0,6,2,40,40
Storm Norton,12188,T,ATL,4,0,2,46.8,0,3,60,100.0,98.6,97.5,0,3,0,68,69,29.3,0,3,30,100.0,100.0,95.0,3,0,35,35
Ryan Bates,28300,G,CHI,2,0,6,46.6,1,1,62,100.0,100.0,96.8,0,3,1,64,64,33.8,1,1,31,100.0,100.0,93.5,3,1,32,32
Trent Scott,24481,T,WAS,5,0,32,47.6,1,3,59,98.3,98.5,96.6,0,4,0,64,65,31.9,1,2,24,100.0,100.0,93.7,3,0,25,25
Bijan Robinson,123126,HB,ATL,10,0,2,53.8,1,3,59,21.2,21.0,96.6,1,4,0,64,305,74.1,0,1,36,22.2,23.2,98.6,1,0,41,177
Breece Hall,97636,HB,NYJ,10,0,22,52.1,0,8,61,19.6,19.3,91.8,0,9,1,63,326,50.1,0,3,21,18.1,17.9,88.1,4,1,22,123
Jake Hanson,28148,G,NYJ,3,0,22,26.3,1,1,57,100.0,100.0,93.0,0,5,3,62,62,1.6,0,1,20,100.0,100.0,82.5,4,3,22,22
Zach Charbonnet,97630,HB,SEA,9,0,29,67.1,0,3,51,24.9,26.5,95.1,0,4,1,60,226,71.2,0,2,30,27.5,30.3,96.7,2,0,36,119
Kayode Awosika,44909,G,DET,4,1,11,57.8,1,5,58,100.0,100.0,94.8,1,6,0,60,60,34.5,1,3,20,100.0,100.0,90.0,4,0,22,22
Javonte Williams,77803,HB,DEN,10,0,10,59.3,1,4,55,24.4,23.9,95.5,1,5,0,58,243,52.4,1,3,36,30.5,30.6,94.4,4,0,38,124
Nick Harris,46752,C,CLV,5,0,8,63.9,0,2,54,96.4,96.7,98.1,1,2,0,58,60,38.3,0,2,20,100.0,100.0,95.0,2,0,23,23
J.K. Dobbins,57366,HB,LAC,9,0,27,59.7,1,5,54,26.6,26.5,92.6,0,7,1,57,215,62.6,0,3,24,26.1,26.3,89.6,4,1,25,95
Foster Moreau,47043,TE,NO,10,0,20,69.4,0,0,52,25.5,25.8,100.0,2,0,0,56,217,56.9,0,0,11,15.5,15.8,100.0,0,0,12,76
Dare Ogunbowale,12329,HB,HST,10,0,13,38.8,0,4,48,26.7,28.7,93.7,1,5,1,56,195,31.7,0,4,32,26.4,27.6,90.6,5,1,35,127
Theo Johnson,129787,TE,NYG,10,0,21,73.8,0,2,51,14.4,14.3,98.0,2,2,0,55,385,71.9,0,0,10,6.3,5.8,100.0,0,0,10,172
Zach Thomas,43641,T,HST,4,0,13,56.4,0,2,53,100.0,100.0,94.3,0,4,2,55,55,62.0,0,1,29,100.0,100.0,94.8,2,1,31,31
John Ojukwu,58530,T,TEN,3,1,31,63.6,0,5,51,100.0,100.0,93.1,1,6,1,54,54,63.3,0,3,29,100.0,100.0,91.4,4,1,32,32
Devin Singletary,40485,HB,NYG,8,0,21,73.2,0,2,50,32.7,32.7,96.0,0,3,1,53,162,69.1,0,2,19,28.4,29.4,89.5,3,1,20,68
Chris Manhertz,10211,TE,NYG,10,0,21,77.4,0,1,50,64.1,63.9,99.0,0,1,0,53,83,67.6,0,0,6,54.5,54.5,100.0,0,0,6,11
Isaiah Adams,158192,G,ARZ,4,0,1,50.2,0,5,50,100.0,100.0,95.0,0,5,0,52,52,71.6,0,2,19,100.0,100.0,94.7,2,0,20,20
Chandler Zavala,144009,G,CAR,5,0,5,80.3,0,1,47,100.0,100.0,98.9,0,1,0,51,51,67.4,0,1,16,100.0,100.0,96.9,1,0,19,19
Justice Hill,45865,HB,BLT,10,0,3,55.4,0,5,50,25.5,23.7,91.0,0,7,2,51,215,56.2,0,4,35,28.5,27.5,91.4,5,1,36,131
Adam Trautman,109795,TE,DEN,10,0,10,70.8,1,1,47,29.6,30.0,97.9,0,2,0,51,170,72.0,0,1,15,23.1,23.5,96.7,1,0,16,68
Zack Moss,40341,HB,CIN,8,0,7,50.6,1,2,48,23.6,24.1,92.7,0,5,2,51,212,43.7,1,1,22,22.2,22.3,90.9,3,1,23,103
Darnell Washington,124044,TE,PIT,9,0,25,64.3,0,1,48,36.9,35.7,96.9,0,2,1,50,140,28.8,0,0,3,8.3,7.5,100.0,0,0,3,40
Erik McCoy,37347,C,NO,3,0,20,80.9,1,0,45,100.0,100.0,98.9,1,1,0,49,49,80.3,0,0,10,100.0,100.0,100.0,0,0,13,13
Rhamondre Stevenson,98689,HB,NE,9,1,19,71.2,0,0,44,21.3,21.5,100.0,2,0,0,48,223,59.2,0,0,21,19.4,20.0,100.0,0,0,23,115
Asim Richards,99674,T,DAL,3,0,9,76.6,1,2,45,100.0,100.0,94.4,0,4,1,48,48,68.6,1,1,20,100.0,100.0,90.0,3,1,21,21
Dalton Schultz,47304,TE,HST,10,0,13,53.3,1,4,44,12.4,12.4,94.3,2,5,0,47,378,36.4,1,2,16,8.9,8.9,90.6,3,0,17,192
Tony Pollard,27126,HB,TEN,9,1,31,64.2,0,1,44,19.1,18.9,98.9,1,1,0,46,243,52.4,0,0,14,14.4,14.6,100.0,0,0,15,103
Rachaad White,131633,HB,TB,9,0,30,71.5,0,4,43,18.5,18.8,95.3,0,4,0,46,245,64.5,0,3,21,20.0,19.6,92.9,3,0,22,112
Mo Alie-Cox,12078,TE,IND,10,0,14,75.5,0,0,42,30.2,30.7,100.0,0,0,0,46,150,73.5,0,0,6,17.1,16.2,100.0,0,0,6,37
Evan Neal,99063,T,NYG,3,0,21,50.2,0,1,42,100.0,100.0,98.8,0,1,0,45,45,70.2,0,0,16,100.0,100.0,100.0,0,0,16,16
Robert Hainsey,59980,C,TB,1,0,30,81.0,0,0,41,100.0,100.0,100.0,0,0,0,45,45,82.7,0,0,21,100.0,100.0,100.0,0,0,22,22
Drew Sample,47259,TE,CIN,10,0,7,58.1,0,3,40,26.0,27.3,96.2,0,3,0,45,165,47.1,0,1,11,21.2,26.3,95.5,1,0,15,57
Blake Hance,46301,G,JAX,2,1,15,60.6,0,1,43,100.0,100.0,98.8,1,1,0,45,45,61.9,0,1,29,100.0,100.0,98.3,1,0,31,31
Cooper Hodges,81548,G,JAX,3,0,15,35.6,1,2,41,100.0,100.0,96.3,0,3,0,44,44,20.6,1,2,24,100.0,100.0,93.7,3,0,24,24
Joshua Ezeudu,77355,T,NYG,2,0,21,65.8,0,1,40,100.0,100.0,93.7,0,3,2,44,44,54.3,0,1,22,100.0,100.0,88.6,3,2,24,24
Shane Lemieux,28149,C,NO,1,0,20,31.5,0,3,39,100.0,100.0,96.2,0,3,0,42,42,13.2,0,1,12,100.0,100.0,95.8,1,0,13,13
Cade Otton,61071,TE,TB,10,0,30,54.2,0,1,37,9.7,10.1,95.9,0,2,1,41,404,27.3,0,0,3,1.8,1.7,100.0,0,0,3,177
Trey Sermon,57372,HB,IND,10,0,14,53.6,1,1,40,33.9,32.3,97.5,0,2,0,41,127,68.3,0,0,17,27.4,25.8,100.0,0,0,17,66
Saquon Barkley,45791,HB,PHI,9,0,24,64.6,0,2,38,18.0,18.1,92.1,0,4,2,40,221,82.5,0,1,23,20.9,21.2,93.5,2,1,24,113
Doug Kramer,41458,G,CHI,4,0,6,15.6,0,2,36,100.0,100.0,94.4,1,3,1,40,40,39.0,0,2,22,100.0,100.0,95.5,2,0,24,24
Dan Skipper,12307,T,DET,6,0,11,45.3,1,2,37,88.1,88.6,95.9,0,3,0,39,44,26.9,0,2,11,91.7,92.3,90.9,2,0,12,13
George Kittle,11901,TE,SF,8,0,28,61.4,0,2,38,14.1,13.7,97.4,1,2,0,39,285,65.6,0,0,12,9.2,8.6,100.0,0,0,12,139
John Bates,42275,TE,WAS,10,0,32,50.3,0,2,36,32.7,32.5,97.2,0,2,0,39,120,,0,0,0,0.0,0.0,,0,0,0,17
Josh Jacobs,45953,HB,GB,9,0,12,33.6,2,3,35,17.9,18.6,92.9,0,5,0,38,204,43.7,2,1,18,20.9,22.0,91.7,3,0,20,91
Lester Cotton,46085,G,MIA,2,0,17,39.5,2,1,38,100.0,100.0,93.4,0,4,1,38,38,49.8,1,1,17,100.0,100.0,88.2,3,1,17,17
Jerome Ford,83601,HB,CLV,7,0,8,35.0,0,6,37,19.6,18.8,89.2,0,7,1,38,202,34.8,0,4,17,20.0,19.1,88.2,4,0,18,94
Kendrick Green,56642,G,HST,3,0,13,4.3,0,4,36,100.0,100.0,91.7,0,5,1,38,38,0.0,0,4,25,100.0,100.0,88.0,5,1,26,26
James Conner,11860,HB,ARZ,10,0,1,67.2,0,3,35,18.6,19.5,95.7,0,3,0,38,195,43.5,0,2,14,28.6,27.5,92.9,2,0,14,51
Austin Ekeler,12164,HB,WAS,9,0,32,25.9,0,3,33,17.7,18.4,89.4,0,5,2,37,201,20.9,0,2,13,14.9,15.8,84.6,3,1,15,95
Alexander Mattison,45817,HB,LV,9,0,23,32.2,0,4,34,19.3,19.4,94.1,0,4,0,37,191,45.3,0,3,18,21.7,22.6,91.7,3,0,21,93
Tip Reiman,129423,TE,ARZ,10,0,1,74.0,0,0,34,38.6,40.7,100.0,0,0,0,37,91,66.4,0,0,1,14.3,14.3,100.0,0,0,1,7
Alvin Kamara,11822,HB,NO,10,0,20,41.0,0,1,34,13.4,13.3,95.6,0,2,1,36,271,34.4,0,0,14,13.7,14.5,92.9,1,1,16,110
Chuba Hubbard,57373,HB,CAR,10,0,5,51.8,0,6,33,14.3,14.8,90.9,0,6,0,36,244,35.5,0,4,15,16.9,16.8,86.7,4,0,17,101
Kyle Hinton,83163,G,ATL,4,0,2,33.7,2,1,32,100.0,100.0,95.3,0,3,0,35,35,29.6,1,1,18,100.0,100.0,94.4,2,0,20,20
Kyle Hergel,87427,G,NO,1,0,20,30.0,1,1,32,100.0,100.0,96.9,1,2,0,35,35,45.1,1,0,12,100.0,100.0,95.8,1,0,12,12
Andrew Ogletree,138351,TE,IND,10,0,14,74.6,0,0,31,34.8,35.4,100.0,0,0,0,34,96,78.4,0,0,4,13.8,15.6,100.0,0,0,5,32
Patrick Paul,101019,T,MIA,2,0,17,64.0,1,1,29,100.0,100.0,93.1,0,3,1,34,34,51.5,1,0,4,100.0,100.0,87.5,1,0,6,6
Olisaemeka Udoh,28394,T,NO,3,0,20,12.5,2,2,33,100.0,100.0,93.9,0,4,0,34,34,8.8,2,1,16,100.0,100.0,90.6,3,0,16,16
Tyrone Tracy,84226,HB,NYG,10,0,21,56.9,1,0,31,15.7,15.0,98.4,0,1,0,33,220,41.4,1,0,17,18.7,17.0,97.1,1,0,17,100
AJ Arcuri,44757,T,LA,1,1,26,1.9,2,5,31,100.0,100.0,88.7,1,7,0,33,33,0.0,2,4,23,100.0,100.0,87.0,6,0,24,24
Rico Dowdle,40693,HB,DAL,8,0,9,73.5,0,0,28,17.8,19.3,100.0,0,0,0,32,166,83.6,0,0,13,21.3,22.7,100.0,0,0,15,66
Jaylen Warren,98692,HB,PIT,7,0,25,29.1,0,4,28,24.8,24.6,92.9,0,4,0,32,130,18.8,0,3,10,21.7,22.2,85.0,3,0,12,54
Patrick Ricard,48862,FB,BLT,10,0,3,81.5,0,0,29,39.7,41.0,100.0,0,0,0,32,78,69.7,0,0,1,7.7,7.7,100.0,0,0,1,13
Alec Anderson,81882,C,BUF,9,0,4,73.2,1,0,27,84.4,86.1,98.1,1,1,0,31,36,77.9,0,0,2,100.0,100.0,100.0,0,0,3,3
Caedan Wallace,98427,T,NE,4,2,19,48.6,1,1,27,100.0,100.0,92.6,3,3,1,31,31,45.9,0,1,10,100.0,100.0,85.0,2,1,12,12
Jackson Barton,46978,T,ARZ,1,0,1,46.2,1,1,26,100.0,100.0,96.2,0,2,0,31,31,59.9,0,1,7,100.0,100.0,92.9,1,0,7,7
Sam Mustipher,13026,G,LAC,1,1,27,21.5,0,3,29,100.0,100.0,94.8,1,3,0,31,31,0.0,0,2,11,100.0,100.0,90.9,2,0,11,11
Travis Etienne Jr.,57185,HB,JAX,8,0,15,17.7,1,4,30,19.7,19.3,85.0,0,7,2,31,161,12.2,1,4,17,21.5,21.7,73.5,7,2,18,83
Andrus Peat,9446,G,LV,5,0,23,26.3,1,1,29,100.0,100.0,93.1,0,3,1,31,31,17.7,0,1,13,100.0,100.0,88.5,2,1,14,14
Brock Wright,60994,TE,DET,9,0,11,74.9,1,1,30,28.0,27.0,96.7,1,2,0,30,111,,0,0,0,0.0,0.0,,0,0,0,18
Luke Farrell,42353,TE,JAX,10,0,15,82.4,0,0,26,32.5,34.9,100.0,0,0,0,30,86,,0,0,0,0.0,0.0,,0,0,0,20
Max Mitchell,81707,G,NYJ,2,0,22,64.6,1,1,28,100.0,100.0,96.4,0,2,0,30,30,26.9,1,1,5,100.0,100.0,80.0,2,0,7,7
D'Andre Swift,57212,HB,CHI,9,0,6,40.2,0,1,27,12.6,12.8,98.1,3,1,0,30,234,29.5,0,1,15,17.2,16.8,96.7,1,0,16,95
Geoff Swaim,9679,TE,CLV,7,0,8,65.4,0,2,28,38.9,38.5,96.4,0,2,0,30,78,27.0,0,1,4,33.3,26.7,87.5,1,0,4,15
Nick Vannett,10728,TE,TEN,9,0,31,61.5,1,0,27,32.9,34.1,90.7,0,3,2,29,85,22.6,1,0,3,37.5,37.5,50.0,2,1,3,8
Troy Fautanu,100521,T,PIT,1,0,25,69.3,1,1,23,100.0,100.0,95.7,0,2,0,29,29,63.2,0,1,9,100.0,100.0,94.4,1,0,12,12
Hunter Luepke,91319,FB,DAL,9,0,9,70.1,0,0,26,19.7,19.9,96.2,0,1,1,29,146,59.8,0,0,15,20.5,21.0,93.3,1,1,17,81
Kenneth Walker III,97199,HB,SEA,7,0,29,36.2,2,1,24,13.7,14.3,93.7,1,3,0,28,196,59.5,0,0,14,16.9,17.7,100.0,0,0,17,96
Cole Kmet,60995,TE,CHI,9,0,6,63.2,0,3,26,9.5,9.2,86.5,1,5,2,28,304,72.5,0,0,4,3.1,2.7,100.0,0,0,4,146
Roschon Johnson,99467,HB,CHI,7,0,6,43.4,0,4,25,23.6,23.7,88.0,0,5,1,28,118,45.4,0,3,17,23.0,21.4,85.3,4,1,18,84
Colby Parkinson,52266,TE,LA,9,0,26,71.3,0,0,24,9.9,10.4,95.8,1,1,1,27,259,39.7,0,0,2,1.7,1.6,100.0,0,0,2,129
Josh Oliver,47083,TE,MIN,9,0,18,75.3,0,0,22,15.6,17.9,95.5,0,1,1,27,151,69.6,0,0,1,2.3,2.2,100.0,0,0,1,46
Julian Hill,88685,TE,MIA,8,0,17,55.4,0,1,24,25.0,26.2,93.7,0,2,1,27,103,49.6,0,1,2,16.7,15.4,75.0,1,0,2,13
Scott Matlock,82482,DI,LAC,9,0,27,56.1,0,0,26,54.2,54.0,100.0,0,0,0,27,50,69.6,0,0,1,50.0,50.0,100.0,0,0,1,2
Kiran Amegadjie,151121,T,CHI,2,1,6,44.7,0,4,24,100.0,100.0,91.7,1,4,0,27,27,26.2,0,3,12,100.0,100.0,87.5,3,0,13,13
Jonathan Taylor,57488,HB,IND,7,0,14,32.7,0,1,23,15.0,15.9,89.1,1,3,2,26,164,63.0,0,0,11,19.0,20.0,100.0,0,0,12,60
David Montgomery,45719,HB,DET,9,0,11,51.1,2,1,25,22.7,23.0,90.0,0,4,1,26,113,66.7,0,1,11,30.6,32.4,86.4,2,1,12,37
Durham Smythe,47257,TE,MIA,9,0,17,46.8,1,1,22,26.2,29.5,95.5,0,2,0,26,88,26.9,0,0,2,15.4,21.4,100.0,0,0,3,14
Derrick Henry,10679,HB,BLT,10,0,3,90.4,0,0,26,19.8,18.3,100.0,0,0,0,26,142,86.3,0,0,7,30.4,28.0,100.0,0,0,7,25
Brenton Strange,101694,TE,JAX,10,0,15,69.1,0,1,22,13.4,14.6,97.7,0,1,0,25,171,69.3,0,0,3,3.7,3.6,100.0,0,0,3,84
Jahmyr Gibbs,122474,HB,DET,9,0,11,23.0,2,4,24,15.2,15.2,83.3,1,7,1,25,165,12.7,2,2,9,14.1,14.9,66.7,5,1,10,67
Kyle Juszczyk,7912,FB,SF,9,0,28,74.4,0,1,24,14.2,14.0,97.9,0,1,0,25,179,75.4,0,0,9,12.2,12.3,100.0,0,0,10,81
Charlie Woerner,42257,TE,ATL,10,0,2,68.0,0,0,23,34.8,35.7,100.0,0,0,0,25,70,68.8,0,0,1,4.2,4.0,100.0,0,0,1,25
Aaron Jones,11937,HB,MIN,9,0,18,79.3,0,2,25,13.4,12.8,96.0,1,2,0,25,196,86.4,0,0,10,12.5,12.3,100.0,0,0,10,81
Cade Stover,101486,TE,HST,10,0,13,22.2,1,4,23,20.2,20.8,84.8,1,6,1,25,120,21.5,0,1,2,5.4,7.7,75.0,1,0,3,39
Samaje Perine,11869,HB,KC,9,0,16,65.7,1,1,24,18.0,17.9,91.7,0,3,1,25,140,74.9,0,1,19,20.7,20.6,92.1,2,1,20,97
Jaelyn Duncan,81722,T,TEN,3,0,31,44.7,0,1,24,100.0,100.0,93.7,0,2,1,24,24,19.9,0,1,11,100.0,100.0,86.4,2,1,11,11
Bill Murray,48692,G,CHI,1,0,6,85.7,0,0,20,100.0,100.0,100.0,0,0,0,24,24,84.1,0,0,12,100.0,100.0,100.0,0,0,14,14
Jordan Mason,62946,HB,SF,9,0,28,44.5,1,1,23,13.1,13.0,95.7,0,2,0,24,185,39.0,1,1,9,10.1,10.8,88.9,2,0,10,93
Nate Adkins,87625,TE,DEN,10,0,10,62.4,1,1,21,23.9,24.0,95.2,0,2,0,23,96,70.6,0,0,1,4.5,4.3,100.0,0,0,1,23
Emari Demercado,77763,HB,ARZ,10,0,1,46.6,0,2,23,25.0,24.0,95.7,0,2,0,23,96,44.7,0,1,12,24.0,22.6,95.8,1,0,12,53
C.J. Ham,11347,FB,MIN,9,0,18,78.3,0,1,22,40.0,37.7,97.7,0,1,0,23,61,83.2,0,1,17,51.5,47.2,97.1,1,0,17,36
Kenneth Gainwell,77737,HB,PHI,9,1,24,28.7,0,2,22,28.2,27.7,81.8,1,5,3,23,83,33.6,0,2,14,31.8,33.3,78.6,4,2,15,45
Joe Mixon,11803,HB,HST,7,0,13,51.6,0,1,21,15.8,16.7,97.6,0,1,0,23,138,41.8,0,0,5,10.0,9.4,100.0,0,0,5,53
Brian Robinson,57120,HB,WAS,7,0,32,51.1,0,3,22,19.8,19.3,93.2,0,3,0,23,119,22.8,0,3,7,20.6,22.2,78.6,3,0,8,36
Miles Sanders,40555,HB,CAR,10,0,5,42.1,0,1,20,15.6,16.3,92.5,0,2,1,22,135,73.7,0,1,8,13.3,13.8,93.7,1,0,9,65
Najee Harris,57121,HB,PIT,9,0,25,67.2,0,1,22,15.2,14.6,97.7,0,1,0,22,151,66.1,0,1,5,10.0,9.8,90.0,1,0,5,51
Adam Prentice,35639,FB,NO,10,0,20,54.0,0,0,22,39.3,37.9,95.5,0,1,1,22,58,,0,0,0,0.0,0.0,,0,0,0,5
Tyler Conklin,47124,TE,NYJ,10,0,22,76.9,0,0,20,5.9,6.2,100.0,1,0,0,22,357,79.1,0,0,5,4.0,4.4,100.0,0,0,6,136
Ezekiel Elliott,10638,HB,DAL,8,0,9,64.8,0,1,18,17.8,19.8,97.2,0,1,0,22,111,52.8,0,0,4,8.2,11.1,100.0,0,0,6,54
Ja'Tavion Sanders,144717,TE,CAR,10,0,5,49.3,0,0,21,9.5,9.4,95.2,1,1,1,22,235,69.8,0,0,0,0.0,0.9,,0,0,1,107
Emanuel Wilson,154173,HB,GB,9,0,12,67.7,0,2,19,21.8,22.6,94.7,0,2,0,21,93,81.5,0,0,11,34.4,37.1,100.0,0,0,13,35
Antonio Gibson,78050,HB,NE,10,0,19,51.9,0,1,20,21.3,20.8,92.5,0,2,1,21,101,52.1,0,1,9,18.0,17.6,94.4,1,0,9,51
Jamaal Williams,11889,HB,NO,8,0,20,60.9,1,1,19,31.7,31.8,94.7,0,2,0,21,66,67.0,1,0,13,44.8,43.3,96.2,1,0,13,30
Harrison Bryant,26394,TE,LV,7,0,23,38.8,0,3,18,23.4,25.3,91.7,0,3,0,21,83,36.3,0,0,1,3.2,3.0,100.0,0,0,1,33
Sam LaPorta,101690,TE,DET,9,0,11,47.4,1,0,20,8.9,8.5,97.5,0,1,0,20,234,52.0,0,0,2,2.2,2.1,100.0,0,0,2,94
Ameer Abdullah,9487,HB,LV,7,0,23,62.7,0,0,20,17.4,16.3,95.0,1,1,1,20,123,61.2,0,0,13,18.8,18.1,92.3,1,1,13,72
Kyle Pitts,83964,TE,ATL,10,0,2,31.2,0,1,17,5.8,6.2,91.2,2,2,1,20,323,24.9,0,0,3,1.7,2.0,66.7,1,1,4,198
Jeremy Ruckert,84029,TE,NYJ,10,0,22,81.2,0,0,17,15.9,17.1,100.0,0,0,0,19,111,69.6,0,0,1,3.8,3.7,100.0,0,0,1,27
Tyler Allgeier,83639,HB,ATL,10,0,2,51.3,0,1,18,22.0,22.1,97.2,0,1,0,19,86,27.5,0,1,8,21.1,21.4,93.7,1,0,9,42
Juwan Johnson,28305,TE,NO,10,0,20,24.9,2,1,19,8.4,7.8,92.1,0,3,0,19,243,7.1,2,1,7,6.7,6.4,78.6,3,0,7,110
D'Ernest Johnson,45734,HB,JAX,9,0,15,20.5,1,1,17,16.0,16.8,88.2,2,3,1,19,113,12.6,1,1,10,16.1,15.4,80.0,3,1,10,65
D'Onta Foreman,11844,HB,CLV,8,0,8,41.2,1,0,19,35.8,32.8,92.1,0,2,1,19,58,76.9,0,0,2,28.6,28.6,100.0,0,0,2,7
Will Dissly,30762,TE,LAC,9,0,27,63.8,1,2,18,10.7,10.1,91.7,0,3,0,18,179,57.7,0,2,5,6.6,6.4,80.0,2,0,5,78
Braelon Allen,145159,HB,NYJ,10,0,22,40.8,0,1,16,18.2,18.8,96.9,0,1,0,18,96,51.8,0,0,5,21.7,25.0,100.0,0,0,7,28
Josh Whyle,54037,TE,TEN,9,0,31,76.2,0,0,18,15.3,14.9,100.0,0,0,0,18,121,71.9,0,0,2,4.3,4.1,100.0,0,0,2,49
Hunter Henry,10669,TE,NE,10,1,19,56.4,0,1,18,5.7,5.2,97.2,1,1,0,18,343,39.5,0,1,4,2.3,2.2,87.5,1,0,4,184
Tucker Kraft,104034,TE,GB,9,0,12,67.8,0,0,15,5.6,6.2,100.0,0,0,0,18,290,82.6,0,0,5,4.3,3.9,100.0,0,0,5,127
Mark Andrews,47436,TE,BLT,10,0,3,52.3,1,2,17,7.5,7.3,91.2,0,3,0,18,248,43.9,1,1,9,8.4,8.7,88.9,2,0,10,115
Jonnu Smith,11855,TE,MIA,9,2,17,63.6,1,1,15,7.4,7.9,93.3,3,2,0,17,214,51.6,0,1,6,9.8,9.4,91.7,1,0,6,64
Ty Chandler,62942,HB,MIN,8,0,18,44.3,0,3,14,19.7,21.0,89.3,1,3,0,17,81,72.9,0,1,5,13.9,16.7,90.0,1,0,7,42
Dawson Knox,35883,TE,BUF,10,1,4,75.3,0,1,16,9.1,8.9,96.9,2,1,0,17,190,75.8,0,0,3,4.8,4.3,100.0,0,0,3,70
Chase Brown,77787,HB,CIN,10,0,7,36.8,0,1,14,8.1,8.7,96.4,0,1,0,16,184,29.0,0,1,5,7.8,8.7,90.0,1,0,6,69
George Fant,11282,T,SEA,2,0,29,44.7,0,1,14,100.0,100.0,82.1,0,3,2,16,16,38.0,0,1,10,100.0,100.0,75.0,3,2,12,12
Noah Fant,42388,TE,SEA,8,0,29,49.6,0,2,16,6.6,5.9,93.7,0,2,0,16,270,35.8,0,2,7,5.3,4.9,85.7,2,0,7,144
Bucky Irving,144970,HB,TB,10,0,30,46.9,0,0,14,9.5,10.5,92.9,0,1,1,16,153,24.4,0,0,5,9.6,10.7,80.0,1,1,6,56
Brock Bowers,146715,TE,LV,9,0,23,47.2,0,0,14,4.9,5.2,100.0,0,0,0,16,309,61.4,0,0,6,3.8,4.1,100.0,0,0,7,169
Jeremy McNichols,11917,HB,WAS,8,0,32,44.2,0,1,14,19.4,21.3,96.4,0,1,0,16,75,25.9,0,0,1,3.6,6.7,100.0,0,0,2,30
Ty Johnson,45769,HB,BUF,10,0,4,58.5,0,1,13,11.5,12.7,96.2,0,1,0,16,126,36.4,0,1,6,8.7,10.3,91.7,1,0,8,78
Zamir White,83665,HB,LV,6,0,23,36.5,0,1,14,23.0,25.0,96.4,0,1,0,16,64,37.7,0,1,6,24.0,26.9,91.7,1,0,7,26
Brock Hoffman,54535,G,DAL,3,0,9,57.8,0,1,16,100.0,100.0,96.9,0,1,0,16,16,33.7,0,1,6,100.0,100.0,91.7,1,0,6,6
MyCole Pruitt,9576,TE,PIT,5,0,25,81.2,0,0,14,31.8,29.4,100.0,0,0,0,15,51,71.8,0,0,2,40.0,40.0,100.0,0,0,2,5
David Quessenberry,7957,T,MIN,2,0,18,48.9,1,1,15,100.0,100.0,93.3,0,2,0,15,15,39.3,1,0,9,100.0,100.0,94.4,1,0,9,9
Hunter Long,60859,TE,LA,9,0,26,65.2,0,0,14,28.0,28.3,100.0,1,0,0,15,53,,0,0,0,0.0,0.0,,0,0,0,18
Charlie Kolar,60917,TE,BLT,10,0,3,52.0,0,1,14,28.0,27.3,96.4,0,1,0,15,55,,0,0,0,0.0,0.0,,0,0,0,7
Pharaoh Brown,12247,TE,SEA,7,0,29,43.1,1,0,13,26.5,28.3,96.2,1,1,0,15,53,27.9,0,0,0,0.0,6.3,,0,0,1,16
Tyjae Spears,97195,HB,TEN,6,0,31,54.1,0,1,14,17.5,16.9,89.3,0,2,1,15,89,43.5,0,1,9,20.5,19.6,83.3,2,1,10,51
Erick All,52595,TE,CIN,9,0,7,77.7,0,0,14,11.6,11.5,100.0,0,0,0,14,122,66.5,0,0,1,4.0,3.8,100.0,0,0,1,26
Noah Gray,60878,TE,KC,9,0,16,72.1,0,0,14,7.8,7.4,100.0,0,0,0,14,189,69.6,0,0,1,1.5,1.4,100.0,0,0,1,73
Spencer Burford,81920,G,SF,3,0,28,52.4,0,0,12,100.0,100.0,100.0,0,0,0,14,14,79.2,0,0,3,100.0,100.0,100.0,0,0,4,4
Tank Bigsby,123974,HB,JAX,9,0,15,35.1,0,1,13,15.1,15.9,88.5,0,2,1,14,88,17.5,0,1,6,17.6,17.1,75.0,2,1,6,35
AJ Barner,129433,TE,SEA,9,0,29,55.8,0,0,11,8.9,10.0,100.0,2,0,0,14,140,71.6,0,0,1,1.8,1.6,100.0,0,0,1,63
Grant Calcaterra,60997,TE,PHI,9,0,24,79.5,0,0,11,7.0,8.4,100.0,0,0,0,14,167,73.4,0,0,2,2.4,3.4,100.0,0,0,3,87
Jack Stoll,42058,TE,PHI,7,0,24,63.8,0,1,14,25.0,23.7,96.4,0,1,0,14,59,,0,0,0,0.0,0.0,,0,0,0,17
Michael Deiter,38554,C,WAS,5,0,32,66.3,0,0,13,100.0,100.0,92.3,0,1,1,13,13,75.7,0,0,3,100.0,100.0,100.0,0,0,3,3
Jake Curhan,38549,T,CHI,1,0,6,35.5,1,2,12,100.0,100.0,87.5,0,3,0,13,13,26.2,1,2,10,100.0,100.0,85.0,3,0,10,10
Corey Levin,11972,C,TEN,1,0,31,66.4,0,0,13,100.0,100.0,100.0,0,0,0,13,13,76.8,0,0,5,100.0,100.0,100.0,0,0,5,5
Alec Ingold,34934,FB,MIA,8,0,17,64.3,0,1,11,16.7,18.1,95.5,0,1,0,13,72,,0,0,0,0.0,0.0,,0,0,0,3
Ben Sinnott,122616,TE,WAS,10,0,32,80.4,0,0,12,17.1,16.9,100.0,1,0,0,13,77,,0,0,0,0.0,0.0,,0,0,0,9
Austin Hooper,10715,TE,NE,10,0,19,63.1,0,1,11,6.7,7.4,95.5,0,1,0,13,175,49.7,0,0,2,2.5,2.4,100.0,0,0,2,83
Jonah Williams,41651,T,ARZ,1,0,1,73.1,0,1,13,100.0,100.0,96.2,0,1,0,13,13,66.4,0,1,6,100.0,100.0,91.7,1,0,6,6
Payne Durham,84037,TE,TB,9,0,30,81.6,0,0,11,22.9,26.0,100.0,1,0,0,13,50,,0,0,0,0.0,0.0,,0,0,0,5
Marcedes Lewis,2973,TE,CHI,9,0,6,79.6,0,0,11,34.4,36.1,100.0,0,0,0,13,36,,0,0,0,0.0,0.0,,0,0,0,6
Andrew Rupcich,156082,G,TEN,2,0,31,17.0,1,0,12,100.0,100.0,95.8,0,1,0,12,12,12.5,1,0,8,100.0,100.0,93.7,1,0,8,8
Kareem Hunt,11841,HB,KC,6,0,16,62.5,1,1,12,10.3,9.8,91.7,0,2,0,12,123,55.5,1,0,3,9.1,8.1,83.3,1,0,3,37
Eric Tomlinson,9786,TE,LAC,7,0,27,78.0,0,0,12,31.6,31.6,100.0,0,0,0,12,38,,0,0,0,0.0,0.0,,0,0,0,3
Connor Heyward,57301,TE,PIT,8,0,25,84.8,0,0,10,25.6,27.3,100.0,0,0,0,12,44,,0,0,0,0.0,0.0,,0,0,0,8
Charlie Heck,36501,T,ARZ,2,0,1,56.7,0,2,12,100.0,100.0,91.7,0,2,0,12,12,67.1,0,1,6,100.0,100.0,91.7,1,0,6,6
Ian Thomas,42130,TE,CAR,5,0,5,71.1,0,1,12,33.3,30.8,95.8,0,1,0,12,39,69.3,0,0,1,12.5,10.0,100.0,0,0,1,10
Travis Kelce,7844,TE,KC,9,0,16,81.1,0,1,12,3.6,3.5,95.8,0,1,0,12,347,66.8,0,0,1,0.6,0.6,100.0,0,0,1,168
Pierre Strong Jr.,66619,HB,CLV,7,0,8,43.8,0,0,9,8.5,9.8,100.0,0,0,0,11,112,26.9,0,0,5,10.6,12.0,100.0,0,0,6,50
Jake Ferguson,61081,TE,DAL,8,0,9,34.9,0,0,9,3.3,3.8,100.0,1,0,0,11,293,62.4,0,0,1,0.7,0.7,100.0,0,0,1,151
Pat Freiermuth,84085,TE,PIT,9,0,25,31.6,0,2,11,4.7,4.3,90.9,0,2,0,11,253,17.8,0,1,4,4.0,3.7,87.5,1,0,4,109
JaMycal Hasty,25582,HB,NE,8,0,19,85.4,0,0,10,15.6,15.7,100.0,0,0,0,11,70,82.6,0,0,6,15.0,14.0,100.0,0,0,6,43
Eric Saubert,11929,TE,SF,9,0,28,25.6,1,1,9,12.2,13.9,88.9,1,2,0,11,79,28.2,0,1,1,2.9,2.8,50.0,1,0,1,36
Jordan Akins,47050,TE,CLV,9,0,8,68.8,0,0,10,6.0,5.6,100.0,0,0,0,10,180,80.0,0,0,2,2.9,2.6,100.0,0,0,2,76
Johnny Mundt,12206,TE,MIN,9,1,18,60.9,0,0,9,5.5,5.6,100.0,1,0,0,10,179,80.5,0,0,2,2.4,2.2,100.0,0,0,2,91
Jaylon Moore,43678,T,SF,2,0,28,49.6,1,0,9,100.0,100.0,94.4,0,1,0,10,10,69.1,1,0,6,100.0,100.0,91.7,1,0,6,6
Cam Akers,57206,HB,MIN,6,0,18,30.0,0,1,10,14.7,13.5,85.0,0,2,1,10,74,72.4,0,0,1,4.5,3.8,100.0,0,0,1,26
Chigoziem Okonkwo,84000,TE,TEN,9,0,31,71.8,0,0,9,4.3,4.4,100.0,1,0,0,10,225,62.9,0,0,2,2.0,2.7,100.0,0,0,3,112
Nick Chubb,45783,HB,CLV,3,0,8,67.2,0,1,10,20.8,19.6,95.0,0,1,0,10,51,81.9,0,0,3,25.0,21.4,100.0,0,0,3,14
Gerald Everett,11799,TE,CHI,9,0,6,69.0,0,1,9,7.7,7.9,94.4,0,1,0,10,126,75.0,0,0,1,1.6,1.4,100.0,0,0,1,70
De'Von Achane,124305,HB,MIA,9,1,17,31.6,0,3,10,5.2,4.9,85.0,1,3,0,10,206,22.7,0,2,4,8.9,8.5,75.0,2,0,4,47
James Cook,83666,HB,BUF,9,0,4,73.4,0,1,8,5.2,5.5,93.7,0,1,0,9,164,76.4,0,0,2,4.3,3.8,100.0,0,0,2,53
Zach Ertz,7816,TE,WAS,10,0,32,59.0,0,0,8,2.8,3.0,100.0,0,0,0,9,303,23.3,0,0,0,0.0,0.7,,0,0,1,134
Ray-Ray McCloud III,47895,WR,ATL,10,0,2,80.9,0,0,8,2.4,2.4,100.0,1,0,0,9,369,,0,0,0,0.0,0.0,,0,0,0,211
Travis Homer,45859,HB,CHI,2,0,6,86.8,0,0,8,30.8,32.1,100.0,0,0,0,9,28,86.8,0,0,8,44.4,45.0,100.0,0,0,9,20
Raheem Mostert,9783,HB,MIA,6,0,17,72.5,0,1,8,9.6,10.3,93.7,0,1,0,9,87,78.5,0,0,4,17.4,17.4,100.0,0,0,4,23
Germain Ifedi,10665,T,CLV,2,0,8,47.6,0,1,9,100.0,100.0,94.4,0,1,0,9,9,75.9,0,0,3,100.0,100.0,100.0,0,0,3,3
Foster Sarell,52272,G,LAC,2,0,27,51.7,0,0,9,100.0,100.0,100.0,0,0,0,9,9,19.9,0,0,4,100.0,100.0,100.0,0,0,4,4
Tyler Goodson,101659,HB,IND,6,0,14,22.0,0,2,8,11.4,12.3,87.5,0,2,0,9,73,16.7,0,1,2,5.7,8.1,75.0,1,0,3,37
Eric Gray,99143,HB,NYG,8,0,21,84.9,0,0,9,19.6,18.8,100.0,0,0,0,9,48,77.5,0,0,2,13.3,11.8,100.0,0,0,2,17
Isaiah Likely,83955,TE,BLT,9,2,3,34.0,0,1,9,4.8,4.5,94.4,3,1,0,9,202,32.6,0,1,4,4.8,4.5,87.5,1,0,4,89
Xavier Newman,58525,G,NYJ,1,0,22,64.2,0,0,8,100.0,100.0,100.0,0,0,0,8,8,57.5,0,0,5,100.0,100.0,100.0,0,0,5,5
Ronnie Rivers,57208,HB,LA,4,0,26,53.1,0,0,7,41.2,44.4,100.0,0,0,0,8,18,,0,0,0,0.0,0.0,,0,0,0,7
Ryan Van Demark,55113,T,BUF,2,0,4,80.2,0,0,7,100.0,100.0,100.0,0,0,0,8,8,78.4,0,0,3,100.0,100.0,100.0,0,0,4,4
John Samuel Shenker,60854,TE,LV,5,0,23,58.6,0,0,8,26.7,25.0,87.5,0,1,1,8,32,23.1,0,0,2,18.2,18.2,50.0,1,1,2,11
Gus Edwards,46027,HB,LAC,5,0,27,69.8,0,0,8,24.2,23.5,100.0,0,0,0,8,34,53.3,0,0,3,20.0,20.0,100.0,0,0,3,15
Chris Brooks,83644,HB,GB,4,0,12,85.4,0,0,7,30.4,28.6,100.0,0,0,0,8,28,84.5,0,0,5,45.5,40.0,100.0,0,0,6,15
Luke Schoonmaker,84005,TE,DAL,9,0,9,41.4,0,1,8,11.3,10.5,93.7,0,1,0,8,76,,0,0,0,0.0,0.0,,0,0,0,25
Tommy Tremble,84025,TE,CAR,5,0,5,28.8,0,1,8,7.0,6.6,93.7,0,1,0,8,121,,0,0,0,0.0,0.0,,0,0,0,47
Dalton Kincaid,91791,TE,BUF,10,0,4,69.8,0,0,8,3.5,3.2,100.0,0,0,0,8,247,70.2,0,0,1,1.0,0.9,100.0,0,0,1,114
Evan Engram,11778,TE,JAX,6,0,15,82.7,0,0,8,5.1,4.8,100.0,0,0,0,8,165,,0,0,0,0.0,0.0,,0,0,0,91
Trey Benson,131705,HB,ARZ,8,0,1,85.0,0,0,8,22.9,21.1,100.0,0,0,0,8,38,78.3,0,0,2,28.6,28.6,100.0,0,0,2,7
Michael Burton,9601,FB,DEN,10,0,10,82.7,0,0,7,15.2,16.7,100.0,0,0,0,8,48,76.4,0,0,2,8.3,8.0,100.0,0,0,2,25
Carson Steele,145632,HB,KC,9,0,16,20.0,2,0,8,12.1,11.6,87.5,0,2,0,8,69,7.5,0,0,0,0.0,0.0,,0,0,0,22
Aaron Shampklin,148900,HB,PIT,3,0,25,43.8,1,0,7,38.9,40.0,92.9,0,1,0,8,20,46.1,1,0,4,44.4,50.0,87.5,1,0,5,10
Chris Godwin,11839,WR,TB,7,0,30,71.5,0,0,7,2.8,2.6,100.0,0,0,0,7,265,,0,0,0,0.0,0.0,,0,0,0,118
Greg Dulcich,84068,TE,DEN,4,0,10,39.4,1,1,7,7.4,6.9,85.7,0,2,0,7,102,18.7,1,0,2,4.0,3.7,75.0,1,0,2,54
Christian McCaffrey,11763,HB,SF,1,0,28,82.3,0,0,6,15.8,17.1,100.0,0,0,0,7,41,74.1,0,0,0,0.0,5.6,,0,0,1,18
Jordan Mims,57209,HB,NO,4,0,20,69.1,1,0,7,29.2,26.9,92.9,0,1,0,7,26,67.1,1,0,5,38.5,38.5,90.0,1,0,5,13
Michael Mayer,122906,TE,LV,3,0,23,63.7,0,0,7,11.3,10.9,100.0,0,0,0,7,64,,0,0,0,0.0,0.0,,0,0,0,25
Kylen Granson,40630,TE,IND,10,0,14,77.6,0,0,7,5.4,5.1,100.0,1,0,0,7,137,,0,0,0,0.0,0.0,,0,0,0,72
Teagan Quitoriano,84036,TE,HST,5,0,13,21.0,0,0,5,23.8,27.3,100.0,0,0,0,6,22,,0,0,0,0.0,0.0,,0,0,0,5
Michael Niese,108444,C,DET,2,0,11,50.9,0,0,6,100.0,100.0,100.0,0,0,0,6,6,26.3,0,0,2,100.0,100.0,100.0,0,0,2,2
Chukwuma Okorafor,46302,T,NE,1,0,19,0.0,1,2,6,100.0,100.0,75.0,0,3,0,6,6,2.0,1,2,4,100.0,100.0,62.5,3,0,4,4
Julius Chestnut,109239,HB,TEN,5,0,31,83.3,0,0,6,33.3,33.3,100.0,0,0,0,6,18,73.1,0,0,1,12.5,12.5,100.0,0,0,1,8
David Njoku,11784,TE,CLV,6,0,8,73.4,0,0,6,3.1,3.0,100.0,0,0,0,6,203,73.4,0,0,5,6.4,5.9,100.0,0,0,5,85
Kendre Miller,123091,HB,NO,2,0,20,35.5,0,0,6,33.3,33.3,100.0,0,0,0,6,18,73.0,0,0,1,16.7,16.7,100.0,0,0,1,6
Jordan Whittington,97623,WR,LA,4,0,26,78.9,0,0,5,5.0,5.7,100.0,0,0,0,6,105,,0,0,0,0.0,0.0,,0,0,0,45
Parker Hesse,48369,TE,DET,5,0,11,85.6,0,0,6,31.6,30.0,100.0,0,0,0,6,20,,0,0,0,0.0,0.0,,0,0,0,7
Jaylen Wright,146934,HB,MIA,8,0,17,79.7,0,0,6,10.9,10.3,100.0,0,0,0,6,58,76.7,0,0,1,10.0,8.3,100.0,0,0,1,12
Josh Jones,26634,T,BLT,1,0,3,76.7,0,0,6,100.0,100.0,100.0,0,0,0,6,6,72.9,0,0,2,100.0,100.0,100.0,0,0,2,2
Blake Whiteheart,77881,TE,CLV,4,0,8,75.9,0,0,6,18.8,16.7,100.0,0,0,0,6,36,69.2,0,0,1,10.0,8.3,100.0,0,0,1,12
Daniel Bellinger,84041,TE,NYG,9,0,21,81.0,0,0,5,12.2,13.0,100.0,0,0,0,6,46,,0,0,0,0.0,0.0,,0,0,0,9
Taysom Hill,12112,TE,NO,6,0,20,75.6,0,0,4,5.3,6.3,100.0,0,0,0,5,79,,0,0,0,0.0,0.0,,0,0,0,25
Calvin Anderson,46247,T,PIT,3,0,25,46.2,0,0,5,100.0,100.0,80.0,0,1,1,5,5,29.1,0,0,3,100.0,100.0,66.7,1,1,3,3
Kimani Vidal,123727,HB,LAC,4,0,27,65.6,0,0,5,14.7,13.2,80.0,0,1,1,5,38,77.3,0,0,2,11.8,11.1,100.0,0,0,2,18
Dalvin Cook,11796,HB,DAL,2,0,9,78.8,0,0,5,33.3,33.3,100.0,0,0,0,5,15,75.7,0,0,1,16.7,16.7,100.0,0,0,1,6
Brevin Jordan,77887,TE,HST,2,0,13,59.0,0,1,5,21.7,20.8,90.0,0,1,0,5,24,,0,0,0,0.0,0.0,,0,0,0,8
Tanner Hudson,66924,TE,CIN,6,0,7,60.7,0,0,4,7.8,9.3,100.0,0,0,0,5,54,78.0,0,0,1,3.6,6.5,100.0,0,0,2,31
Trey McBride,75916,TE,ARZ,9,0,1,67.3,0,0,5,2.0,1.9,100.0,0,0,0,5,270,35.4,0,0,0,0.0,0.0,,0,0,0,93
Davis Allen,99697,TE,LA,6,0,26,77.1,0,0,5,6.3,5.8,100.0,0,0,0,5,86,,0,0,0,0.0,0.0,,0,0,0,48
J.J. Taylor,25512,HB,HST,4,0,13,30.5,0,0,5,22.7,21.7,100.0,0,0,0,5,23,18.3,0,0,2,50.0,50.0,100.0,0,0,2,4
Drake London,86519,WR,ATL,10,0,2,72.7,0,0,4,1.2,1.4,100.0,3,0,0,5,351,,0,0,0,0.0,0.0,,0,0,0,200
Blake Corum,129574,HB,LA,4,0,26,44.5,0,0,4,36.4,33.3,100.0,0,0,0,4,12,,0,0,0,0.0,0.0,,0,0,0,1
Tyler Boyd,10689,WR,TEN,9,0,31,39.1,0,1,4,1.7,1.6,62.5,0,2,1,4,253,,0,0,0,0.0,0.0,,0,0,0,149
Jaleel McLaughlin,138346,HB,DEN,10,0,10,19.4,2,0,4,3.9,3.6,75.0,0,2,0,4,111,23.9,0,0,2,5.0,4.4,100.0,0,0,2,45
Ray Davis,101072,HB,BUF,10,1,4,39.1,0,0,4,7.8,7.1,100.0,1,0,0,4,56,79.8,0,0,2,8.7,8.0,100.0,0,0,2,25
Brenden Bates,53746,TE,NYJ,3,0,22,81.6,0,0,4,44.4,44.4,100.0,0,0,0,4,9,,0,0,0,0.0,0.0,,0,0,0,1
Jack Driscoll,27064,T,PHI,2,0,24,74.5,0,0,4,100.0,100.0,100.0,0,0,0,4,4,72.6,0,0,1,100.0,100.0,100.0,0,0,1,1
Nick Gates,29476,G,PHI,2,0,24,76.9,0,0,4,100.0,100.0,100.0,0,0,0,4,4,74.1,0,0,1,100.0,100.0,100.0,0,0,1,1
Cedric Tillman,84434,WR,CLV,9,2,8,63.6,0,1,4,1.8,1.7,87.5,2,1,0,4,235,,0,0,0,0.0,0.0,,0,0,0,88
Tyler Johnson,48054,WR,LA,9,0,26,73.5,0,0,4,2.7,2.6,100.0,0,0,0,4,156,,0,0,0,0.0,0.0,,0,0,0,88
Brevyn Spann-Ford,84006,TE,DAL,8,0,9,57.1,0,0,4,6.6,6.0,100.0,0,0,0,4,67,67.8,0,0,1,4.2,3.7,100.0,0,0,1,27
Isaac Guerendo,83806,HB,SF,8,0,28,26.6,0,0,4,8.9,8.7,75.0,0,1,1,4,46,,0,0,0,0.0,0.0,,0,0,0,15
Lil'Jordan Humphrey,42247,WR,DEN,10,0,10,63.8,0,1,3,1.5,1.9,83.3,1,1,0,4,212,,0,0,0,0.0,0.0,,0,0,0,105
Chris Rodriguez Jr.,83689,HB,WAS,2,0,32,22.4,0,1,4,57.1,57.1,87.5,0,1,0,4,7,,0,0,0,,,,0,0,0,0
Elijah Higgins,98027,TE,ARZ,10,0,1,39.0,0,0,4,3.8,3.7,100.0,1,0,0,4,108,65.8,0,0,1,3.3,3.3,100.0,0,0,1,30
Van Jefferson,47447,WR,PIT,9,0,25,69.6,0,0,4,1.9,1.7,100.0,2,0,0,4,232,,0,0,0,0.0,0.0,,0,0,0,99
Dallas Goedert,47272,TE,PHI,6,0,24,53.9,0,0,1,0.7,1.9,100.0,0,0,0,3,159,30.7,0,0,1,1.2,1.1,100.0,0,0,1,88
Hassan Haskins,83701,HB,LAC,4,0,27,25.8,0,1,3,50.0,50.0,83.3,0,1,0,3,6,5.4,0,1,1,33.3,33.3,50.0,1,0,1,3
Isiah Pacheco,83747,HB,KC,2,0,16,77.7,0,0,3,7.0,6.5,100.0,0,0,0,3,46,77.5,0,0,2,10.0,9.1,100.0,0,0,2,22
Luke Musgrave,98499,TE,GB,4,0,12,22.5,0,1,3,6.3,6.0,83.3,0,1,0,3,50,17.4,0,1,1,5.9,5.9,50.0,1,0,1,17
Jeff Wilson Jr.,29413,HB,MIA,3,0,17,79.9,0,0,3,12.5,12.5,100.0,0,0,0,3,24,79.9,0,0,3,37.5,37.5,100.0,0,0,3,8
Sean Tucker,123056,HB,TB,5,0,30,79.5,0,0,2,6.5,8.8,100.0,0,0,0,3,34,,0,0,0,0.0,0.0,,0,0,0,13
Sedrick Van Pran-Granger,124042,C,BUF,2,0,4,73.4,0,0,3,100.0,100.0,100.0,0,0,0,3,3,70.8,0,0,1,100.0,100.0,100.0,0,0,1,1
Cordarrelle Patterson,7810,HB,PIT,5,0,25,74.8,0,0,3,12.0,11.5,100.0,1,0,0,3,26,73.0,0,0,1,7.7,7.7,100.0,0,0,1,13
Audric Estime,147476,HB,DEN,5,0,10,75.4,0,0,3,21.4,20.0,100.0,0,0,0,3,15,,0,0,0,0.0,0.0,,0,0,0,3
Trayveon Williams,45775,HB,CIN,2,0,7,15.4,0,0,3,50.0,50.0,66.7,0,1,1,3,6,8.0,0,0,0,0.0,0.0,,0,0,0,1
Josiah Deguara,47034,TE,JAX,3,0,15,81.5,0,0,3,18.8,17.6,100.0,0,0,0,3,17,,0,0,0,0.0,0.0,,0,0,0,7
Matt Hennessy,41141,C,ATL,2,0,2,70.7,0,0,2,100.0,66.7,100.0,0,0,0,2,3,,0,0,0,,,,0,0,0,0
Quintin Morris,61182,TE,BUF,7,0,4,70.5,0,0,2,7.4,7.4,100.0,0,0,0,2,27,,0,0,0,0.0,0.0,,0,0,0,8
Darius Slayton,25578,WR,NYG,9,0,21,70.3,0,0,2,0.6,0.6,100.0,2,0,0,2,350,,0,0,0,0.0,0.0,,0,0,0,152
Anthony Firkser,51837,TE,NYJ,2,0,22,70.4,0,0,1,33.3,50.0,100.0,0,0,0,2,4,,0,0,0,,,,0,0,0,0
JJ Jansen,4712,LS,CAR,2,0,5,75.9,0,0,2,100.0,100.0,100.0,0,0,0,2,2,,0,0,0,,,,0,0,0,0
Lucas Krull,83962,TE,DEN,6,0,10,70.3,0,0,2,1.9,1.8,100.0,0,0,0,2,110,65.8,0,0,1,1.6,1.6,100.0,0,0,1,64
Raheem Blackshear,57385,HB,CAR,2,0,5,17.4,0,1,1,25.0,40.0,50.0,0,1,0,2,5,7.5,0,1,1,50.0,50.0,50.0,1,0,1,2
Ja'Lynn Polk,123153,WR,NE,9,0,19,74.3,0,0,2,1.0,1.0,100.0,2,0,0,2,210,,0,0,0,0.0,0.0,,0,0,0,112
DeAndre Carter,9859,WR,CHI,5,0,6,73.7,0,0,2,2.5,2.3,100.0,0,0,0,2,88,,0,0,0,0.0,0.0,,0,0,0,49
Khalil Herbert,41668,HB,CIN,4,0,7,71.4,0,0,2,18.2,16.7,100.0,0,0,0,2,12,,0,0,0,0.0,0.0,,0,0,0,4
Tim Patrick,12087,WR,DET,8,0,11,67.3,0,0,2,1.6,1.6,100.0,0,0,0,2,128,65.8,0,0,1,2.1,2.0,100.0,0,0,1,49
Brady Russell,60876,TE,SEA,4,0,29,77.4,0,0,2,22.2,20.0,100.0,0,0,0,2,10,77.4,0,0,2,40.0,33.3,100.0,0,0,2,6
Jon Rhattigan,57718,LB,CAR,2,0,5,84.4,0,0,2,100.0,100.0,100.0,0,0,0,2,2,,0,0,0,,,,0,0,0,0
Trenton Irwin,48080,WR,CIN,6,0,7,68.9,0,0,1,1.4,2.6,100.0,1,0,0,2,78,,0,0,0,0.0,0.0,,0,0,0,27
Claudin Cherelus,52094,LB,CAR,2,0,5,88.8,0,0,2,100.0,100.0,100.0,0,0,0,2,2,,0,0,0,,,,0,0,0,0
Mike Gesicki,47153,TE,CIN,10,0,7,69.9,0,0,2,0.9,0.8,100.0,0,0,0,2,237,,0,0,0,0.0,0.0,,0,0,0,131
Thomas Incoom,145694,ED,CAR,2,0,5,84.4,0,0,2,100.0,100.0,100.0,0,0,0,2,2,,0,0,0,,,,0,0,0,0
Jakob Johnson,32565,FB,NYG,2,0,21,73.2,0,0,2,100.0,100.0,100.0,0,0,0,2,2,,0,0,0,,,,0,0,0,0
Kenny McIntosh,99158,HB,SEA,2,0,29,74.5,0,0,2,33.3,33.3,100.0,0,0,0,2,6,,0,0,0,0.0,0.0,,0,0,0,3
E.J. Jenkins,109834,TE,PHI,2,0,24,75.1,0,0,2,66.7,66.7,100.0,0,0,0,2,3,,0,0,0,,,,0,0,0,0
Gabe Davis,55410,WR,JAX,9,1,15,55.6,0,1,2,0.8,0.8,75.0,2,1,0,2,246,,0,0,0,0.0,0.0,,0,0,0,122
Johnny Wilson,76366,WR,PHI,9,0,24,82.4,0,0,2,2.9,2.7,100.0,2,0,0,2,73,,0,0,0,0.0,0.0,,0,0,0,35
Trevin Wallace,146747,LB,CAR,2,0,5,80.4,0,0,2,100.0,100.0,100.0,0,0,0,2,2,,0,0,0,,,,0,0,0,0
Puka Nacua,100632,WR,LA,4,0,26,76.1,0,0,2,2.0,1.9,100.0,1,0,0,2,104,,0,0,0,0.0,0.0,,0,0,0,53
Keenan Allen,7857,WR,CHI,7,0,6,66.4,0,0,1,0.4,0.8,100.0,1,0,0,2,256,,0,0,0,0.0,0.0,,0,0,0,143
Xavier Legette,99197,WR,CAR,10,0,5,46.2,0,1,2,0.8,0.8,75.0,0,1,0,2,253,,0,0,0,0.0,0.0,,0,0,0,101
Cedrick Wilson Jr.,48170,WR,NO,8,0,20,74.3,0,0,2,1.9,1.8,100.0,0,0,0,2,112,,0,0,0,0.0,0.0,,0,0,0,49
Brandon Powell,48036,WR,MIN,9,0,18,70.7,0,0,2,2.2,2.1,100.0,0,0,0,2,97,,0,0,0,0.0,0.0,,0,0,0,54
Dameon Pierce,83659,HB,HST,4,0,13,41.7,0,0,2,9.5,9.5,100.0,0,0,0,2,21,,0,0,0,0.0,0.0,,0,0,0,10
Jared Wiley,98508,TE,KC,6,0,16,71.0,0,0,2,7.4,7.1,100.0,0,0,0,2,28,,0,0,0,0.0,0.0,,0,0,0,5
Ashton Dulin,91479,WR,IND,10,0,14,70.4,0,0,2,3.7,3.4,100.0,0,0,0,2,59,,0,0,0,0.0,0.0,,0,0,0,17
Cole Van Lanen,41583,T,JAX,1,0,15,71.3,0,0,0,,100.0,,0,0,0,2,2,,0,0,0,,,,0,0,0,0
Nick Westbrook-Ikhine,47861,WR,TEN,9,0,31,73.9,0,0,1,0.6,1.2,100.0,0,0,0,2,171,,0,0,0,0.0,0.0,,0,0,0,69
T.J. Hockenson,40912,TE,MIN,2,0,18,71.1,0,0,2,3.6,3.4,100.0,0,0,0,2,58,,0,0,0,0.0,0.0,,0,0,0,38
Terrell Jennings,102408,HB,NE,1,0,19,75.0,0,0,1,11.1,11.1,100.0,0,0,0,1,9,75.0,0,0,1,20.0,20.0,100.0,0,0,1,5
Mack Hollins,11873,WR,BUF,10,0,4,62.4,0,0,1,0.4,0.4,100.0,0,0,0,1,264,,0,0,0,0.0,0.0,,0,0,0,122
Justin Watson,66915,WR,KC,9,0,16,36.3,0,1,1,0.4,0.4,50.0,0,1,0,1,244,,0,0,0,0.0,0.0,,0,0,0,124
Ben Sims,77918,TE,GB,7,0,12,66.3,0,0,1,2.7,2.6,100.0,0,0,0,1,38,,0,0,0,0.0,0.0,,0,0,0,8
Buddy Johnson,58189,LB,DAL,1,0,9,62.7,0,0,1,100.0,100.0,100.0,0,0,0,1,1,,0,0,0,,,,0,0,0,0
Tylan Grable,109425,T,BUF,1,0,4,69.9,0,0,1,100.0,100.0,100.0,0,0,0,1,1,,0,0,0,,,,0,0,0,0
Jakobi Meyers,47468,WR,LV,7,0,23,66.3,0,0,1,0.4,0.4,100.0,1,0,0,1,275,,0,0,0,0.0,0.0,,0,0,0,138
Andrei Iosivas,109811,WR,CIN,10,0,7,65.7,0,0,0,0.0,0.3,,0,0,0,1,354,,0,0,0,0.0,0.0,,0,0,0,168
Sam Hubbard,48457,ED,CIN,1,0,7,68.3,0,0,1,100.0,100.0,100.0,0,0,0,1,1,,0,0,0,,,,0,0,0,0
Malachi Corley,66272,WR,NYJ,3,0,22,66.1,0,0,1,6.7,6.7,100.0,0,0,0,1,15,66.1,0,0,1,16.7,16.7,100.0,0,0,1,6
Ben Niemann,51099,LB,DET,1,0,11,62.7,0,0,1,100.0,100.0,100.0,0,0,0,1,1,,0,0,0,,,,0,0,0,0
Deuce Vaughn,122624,HB,DAL,3,0,9,3.6,0,0,1,11.1,9.1,100.0,0,0,0,1,11,,0,0,0,0.0,0.0,,0,0,0,4
Jake Bobo,77997,WR,SEA,9,0,29,65.7,0,0,1,0.9,0.8,100.0,0,0,0,1,118,,0,0,0,0.0,0.0,,0,0,0,52
Cooper Kupp,11824,WR,LA,5,0,26,65.3,0,0,1,0.5,0.5,100.0,0,0,0,1,194,,0,0,0,0.0,0.0,,0,0,0,114
Jordan Addison,123000,WR,MIN,7,0,18,67.4,0,0,1,0.5,0.4,100.0,2,0,0,1,235,,0,0,0,0.0,0.0,,0,0,0,123
Khari Blasingame,44889,FB,CHI,1,0,6,32.7,1,0,1,100.0,100.0,50.0,0,1,0,1,1,,0,0,0,,,,0,0,0,0
JuJu Smith-Schuster,11817,WR,KC,6,0,16,64.9,0,0,1,1.1,1.0,100.0,0,0,0,1,102,,0,0,0,0.0,0.0,,0,0,0,45
Alec Pierce,78038,WR,IND,10,0,14,68.1,0,0,1,0.3,0.3,100.0,0,0,0,1,309,,0,0,0,0.0,0.0,,0,0,0,136
Dallin Holker,83946,TE,NO,5,0,20,66.3,0,0,1,8.3,6.7,100.0,0,0,0,1,15,,0,0,0,0.0,0.0,,0,0,0,5
Robert Woods,7822,WR,HST,8,0,13,67.4,0,0,1,1.0,0.9,100.0,0,0,0,1,108,,0,0,0,0.0,0.0,,0,0,0,53
Kendall Milton,124031,HB,CIN,1,0,7,73.5,0,0,1,33.3,33.3,100.0,0,0,0,1,3,,0,0,0,0.0,0.0,,0,0,0,1
Damone Clark,81282,LB,DAL,1,0,9,62.7,0,0,1,100.0,100.0,100.0,0,0,0,1,1,,0,0,0,,,,0,0,0,0
Bryce Ford-Wheaton,78127,WR,NYG,1,0,21,36.3,0,1,1,100.0,100.0,50.0,0,1,0,1,1,,0,0,0,,,,0,0,0,0
Jaheim Bell,124225,TE,NE,4,0,19,62.3,0,0,1,10.0,10.0,100.0,0,0,0,1,10,,0,0,0,0.0,0.0,,0,0,0,3
Tim Jones,61669,WR,JAX,8,0,15,64.9,0,0,0,0.0,2.1,,1,0,0,1,47,,0,0,0,0.0,0.0,,0,0,0,19
Solomon Thomas,11758,DI,NYJ,2,0,22,71.3,0,0,1,50.0,50.0,100.0,0,0,0,1,2,,0,0,0,,,,0,0,0,0
CeeDee Lamb,61570,WR,DAL,9,0,9,67.1,0,0,0,0.0,0.3,,1,0,0,1,357,,0,0,0,0.0,0.0,,0,0,0,176
Nico Collins,61441,WR,HST,5,0,13,62.4,0,0,1,0.6,0.6,100.0,0,0,0,1,172,,0,0,0,0.0,0.0,,0,0,0,74
Tyler Matakevich,10880,LB,PIT,1,0,25,61.5,0,0,1,100.0,100.0,100.0,0,0,0,1,1,,0,0,0,,,,0,0,0,0
Elandon Roberts,10848,LB,PIT,1,0,25,61.5,0,0,1,100.0,100.0,100.0,0,0,0,1,1,,0,0,0,,,,0,0,0,0
Nick Vigil,10721,LB,DAL,1,0,9,62.7,0,0,1,100.0,100.0,100.0,0,0,0,1,1,,0,0,0,,,,0,0,0,0
Markquese Bell,56033,S,DAL,1,0,9,63.8,0,0,1,100.0,100.0,100.0,0,0,0,1,1,,0,0,0,,,,0,0,0,0
Sterling Shepard,10674,WR,TB,8,0,30,62.3,0,0,1,0.5,0.5,100.0,2,0,0,1,220,,0,0,0,0.0,0.0,,0,0,0,102
Tucker Fisk,52286,TE,LAC,1,0,27,68.2,0,0,1,50.0,50.0,100.0,0,0,0,1,2,,0,0,0,,,,0,0,0,0
Jayden Reed,78171,WR,GB,9,0,12,66.2,0,0,1,0.4,0.4,100.0,0,0,0,1,252,,0,0,0,0.0,0.0,,0,0,0,120
Jared Goff,10635,QB,DET,9,0,11,62.2,0,0,1,0.4,0.4,100.0,0,0,0,1,280,,0,0,0,0.0,0.0,,0,0,0,103
Peyton Hendershot,60915,TE,KC,2,0,16,70.2,0,0,1,14.3,14.3,100.0,0,0,0,1,7,,0,0,0,0.0,0.0,,0,0,0,2
Malcolm Rodriguez,60731,LB,DET,1,0,11,62.7,0,0,1,100.0,100.0,100.0,0,0,0,1,1,,0,0,0,,,,0,0,0,0
Jake Haener,60596,QB,NO,4,0,20,60.9,0,0,1,2.7,2.6,100.0,0,0,0,1,39,,0,0,0,0.0,0.0,,0,0,0,25
Mark Robinson,55265,LB,PIT,1,0,25,61.5,0,0,1,100.0,100.0,100.0,0,0,0,1,1,,0,0,0,,,,0,0,0,0
Chris Conley,9509,WR,SF,7,0,28,66.8,0,0,1,1.3,1.2,100.0,0,0,0,1,85,,0,0,0,0.0,0.0,,0,0,0,36
British Brooks,77714,HB,HST,2,0,13,64.9,0,0,1,25.0,25.0,100.0,0,0,0,1,4,,0,0,0,,,,0,0,0,0
Jordan Matthews,8677,TE,CAR,2,0,5,67.6,0,0,1,7.7,7.1,100.0,0,0,0,1,14,,0,0,0,0.0,0.0,,0,0,0,8
Ben Cleveland,41696,G,BLT,1,0,3,68.3,0,0,1,100.0,100.0,100.0,0,0,0,1,1,,0,0,0,,,,0,0,0,0
Mecole Hardman Jr.,42683,WR,KC,7,0,16,69.4,0,0,1,1.7,1.7,100.0,0,0,0,1,60,,0,0,0,0.0,0.0,,0,0,0,25
Jarrett Kingston,81933,G,CAR,1,0,5,73.0,0,0,1,100.0,100.0,100.0,0,0,0,1,1,,0,0,0,,,,0,0,0,0
Malik Washington,97108,WR,MIA,6,1,17,64.9,0,0,1,1.6,1.6,100.0,1,0,0,1,64,,0,0,0,0.0,0.0,,0,0,0,15
Feleipe Franks,40217,TE,CAR,3,0,5,68.3,0,0,0,0.0,25.0,,0,0,0,1,4,,0,0,0,,,,0,0,0,0
DJ Turner,47663,WR,LV,9,0,23,69.0,0,0,0,0.0,0.6,,0,0,0,1,179,,0,0,0,0.0,0.0,,0,0,0,97
Corliss Waitman,39620,P,PIT,1,0,25,62.1,0,0,1,100.0,100.0,100.0,0,0,0,1,1,,0,0,0,,,,0,0,0,0
Mitchell Fraboni,38930,LS,DEN,1,0,10,62.1,0,0,1,100.0,100.0,100.0,0,0,0,1,1,,0,0,0,,,,0,0,0,0
Nelson Agholor,9453,WR,BLT,10,0,3,62.3,0,0,1,0.7,0.6,100.0,0,0,0,1,161,,0,0,0,0.0,0.0,,0,0,0,88
Trent Sherfield,48021,WR,MIN,9,0,18,65.7,0,0,1,2.9,2.8,100.0,0,0,0,1,36,,0,0,0,0.0,0.0,,0,0,0,11
Liam McCullough,35213,LS,ATL,1,0,2,63.8,0,0,0,,100.0,,0,0,0,1,1,,0,0,0,,,,0,0,0,0
Luke Fortner,42028,C,JAX,1,0,15,69.3,0,0,1,100.0,100.0,100.0,0,0,0,1,1,69.3,0,0,1,100.0,100.0,100.0,0,0,1,1
Matt Lee,98544,C,CIN,1,0,7,68.3,0,0,1,100.0,100.0,100.0,0,0,0,1,1,,0,0,0,,,,0,0,0,0
Devin Cochran,41198,T,CIN,1,0,7,68.8,0,0,1,100.0,100.0,100.0,0,0,0,1,1,68.8,0,0,1,100.0,100.0,100.0,0,0,1,1
Ryan Miller,78734,WR,TB,4,0,30,62.4,0,0,1,1.2,1.2,100.0,0,0,0,1,86,,0,0,0,0.0,0.0,,0,0,0,35
Michael Pittman Jr.,29049,WR,IND,9,0,14,66.1,0,0,1,0.4,0.4,100.0,1,0,0,1,284,,0,0,0,0.0,0.0,,0,0,0,138
Jammie Robinson,98836,S,CAR,1,0,5,63.8,0,0,1,100.0,100.0,100.0,0,0,0,1,1,,0,0,0,,,,0,0,0,0
Sam Darnold,29048,QB,MIN,9,0,18,61.3,0,0,1,0.3,0.3,100.0,1,0,0,1,331,,0,0,0,0.0,0.0,,0,0,0,165
Allen Lazard,48135,WR,NYJ,7,2,22,36.3,0,0,1,0.4,0.4,100.0,3,0,0,1,267,,0,0,0,0.0,0.0,,0,0,0,101
Calvin Throckmorton,28238,G,DEN,1,0,10,62.1,0,0,1,100.0,100.0,100.0,0,0,0,1,1,,0,0,0,,,,0,0,0,0
Matt Waletzko,87430,T,DAL,1,0,9,69.6,0,0,1,100.0,100.0,100.0,0,0,0,1,1,,0,0,0,,,,0,0,0,0
Trent Sieg,27036,LS,DAL,1,0,9,61.5,0,0,1,100.0,100.0,100.0,0,0,0,1,1,,0,0,0,,,,0,0,0,0
Mike Caliendo,41446,G,KC,1,0,16,64.9,0,0,1,100.0,100.0,100.0,0,0,0,1,1,,0,0,0,,,,0,0,0,0
Payton Wilson,77127,LB,PIT,1,0,25,62.1,0,0,1,100.0,100.0,100.0,0,0,0,1,1,,0,0,0,,,,0,0,0,0
Jeremiah Moon,26453,ED,PIT,1,0,25,62.1,0,0,1,100.0,100.0,100.0,0,0,0,1,1,,0,0,0,,,,0,0,0,0
Jonathan Ward,25859,HB,PIT,2,0,25,75.7,0,0,1,50.0,50.0,100.0,0,0,0,1,2,,0,0,0,0.0,0.0,,0,0,0,1
Juanyeh Thomas,76655,S,DAL,1,0,9,63.8,0,0,1,100.0,100.0,100.0,0,0,0,1,1,,0,0,0,,,,0,0,0,0
Amon-Ra St. Brown,84470,WR,DET,9,1,11,62.3,0,0,1,0.4,0.4,100.0,2,0,0,1,265,,0,0,0,0.0,0.0,,0,0,0,97
Christian Kuntz,20035,LS,PIT,1,0,25,60.8,0,0,1,100.0,100.0,100.0,0,0,0,1,1,,0,0,0,,,,0,0,0,0
Michael Wilson,84423,WR,ARZ,10,0,1,66.2,0,0,1,0.4,0.4,100.0,0,0,0,1,279,,0,0,0,0.0,0.0,,0,0,0,102
Ricky Pearsall,100660,WR,SF,3,0,28,66.2,0,0,1,1.2,1.1,100.0,0,0,0,1,93,,0,0,0,0.0,0.0,,0,0,0,47
Chris Olave,84355,WR,NO,8,0,20,39.9,0,1,1,0.5,0.5,50.0,0,1,0,1,202,,0,0,0,0.0,0.0,,0,0,0,84
Elijah Moore,84302,WR,CLV,9,0,8,65.8,0,0,1,0.3,0.3,100.0,0,0,0,1,333,,0,0,0,0.0,0.0,,0,0,0,151
Tre Tucker,101106,WR,LV,9,0,23,66.2,0,0,1,0.3,0.3,100.0,0,0,0,1,339,,0,0,0,0.0,0.0,,0,0,0,176
Jacoby Windmon,101226,LB,CAR,1,0,5,60.9,0,0,1,100.0,100.0,100.0,0,0,0,1,1,,0,0,0,,,,0,0,0,0
Jack Campbell,101515,LB,DET,1,0,11,62.7,0,0,1,100.0,100.0,100.0,1,0,0,1,1,,0,0,0,,,,0,0,0,0
Frank Crum,75860,T,DEN,1,0,10,66.2,0,0,1,100.0,100.0,100.0,0,0,0,1,1,66.2,0,0,1,100.0,100.0,100.0,0,0,1,1
Rome Odunze,73774,WR,CHI,9,0,6,62.3,0,0,1,0.3,0.3,100.0,0,0,0,1,352,,0,0,0,0.0,0.0,,0,0,0,194
Luke McCaffrey,101634,WR,WAS,10,0,32,65.8,0,0,1,0.6,0.6,100.0,0,0,0,1,180,,0,0,0,0.0,0.0,,0,0,0,83
Courtland Sutton,48164,WR,DEN,10,0,10,62.4,0,0,1,0.3,0.3,100.0,1,0,0,1,359,,0,0,0,0.0,0.0,,0,0,0,182
Khalil Shakir,84140,WR,BUF,9,0,4,61.6,0,0,1,0.5,0.4,100.0,1,0,0,1,243,,0,0,0,0.0,0.0,,0,0,0,128
Hogan Hatten,102135,LS,DET,1,0,11,61.5,0,0,1,100.0,100.0,100.0,0,0,0,1,1,,0,0,0,,,,0,0,0,0
